HITId,HITTypeId,Title,Description,Keywords,Reward,CreationTime,MaxAssignments,RequesterAnnotation,AssignmentDurationInSeconds,AutoApprovalDelayInSeconds,Expiration,NumberOfSimilarHITs,LifetimeInSeconds,AssignmentId,WorkerId,AssignmentStatus,AcceptTime,SubmitTime,AutoApprovalTime,ApprovalTime,RejectionTime,RequesterFeedback,WorkTimeInSeconds,LifetimeApprovalRate,Last30DaysApprovalRate,Last7DaysApprovalRate,Input.input,Answer.Fact.fact,Answer.Myth.myth,Answer.No.no,Answer.Yes.yes,Answer.aiName,Answer.factSource,Answer.sentence,Approve,Reject
3DTJ4WT8CXDS8WCGKMQO2I9BJD8ZEL,3CM00QMEU6K4RDMFXAT0B6G6JT46W5,Fact or Fiction,"Please submit an interesting fact or myth, and indicate which one. If submitting a fact, please provide a source (website URL, book reference, etc). If submitting a myth, please specify if it was generated with AI.",survey,$0.00 ,Fri Nov 29 10:40:34 PST 2024,100,BatchId:411347;OriginalHitTemplateId:921587278;,3600,259200,Fri Dec 06 10:40:34 PST 2024,,,30BXRYBRPPV3LVW7P3JPC18MDQMWHK,A38FQN4GN4WYEB,Approved,Sat Nov 30 16:30:34 PST 2024,Sat Nov 30 16:31:07 PST 2024,Tue Dec 03 16:31:07 PST 2024,Tue Dec 03 16:31:49 PST 2024,,,33,100% (11/11),100% (11/11),100% (11/11),Climate Change,FALSE,TRUE,FALSE,TRUE,chatpgt,n/a,Climate change is a natural cycle and not influenced by human activity,,
3DTJ4WT8CXDS8WCGKMQO2I9BJD8ZEL,3CM00QMEU6K4RDMFXAT0B6G6JT46W5,Fact or Fiction,"Please submit an interesting fact or myth, and indicate which one. If submitting a fact, please provide a source (website URL, book reference, etc). If submitting a myth, please specify if it was generated with AI.",survey,$0.00 ,Fri Nov 29 10:40:34 PST 2024,100,BatchId:411347;OriginalHitTemplateId:921587278;,3600,259200,Fri Dec 06 10:40:34 PST 2024,,,30BXRYBRPPV3LVW7P3JPC18MDROHW9,A3G8JLLEXGUZYP,Approved,Tue Dec 03 13:06:14 PST 2024,Tue Dec 03 13:07:18 PST 2024,Fri Dec 06 13:07:18 PST 2024,Thu Dec 05 10:50:55 PST 2024,,,64,100% (10/10),100% (10/10),100% (10/10),Climate Change,FALSE,TRUE,TRUE,FALSE,N/A,N/A,"As climate change progresses, everywhere will get hotter.",,
3DTJ4WT8CXDS8WCGKMQO2I9BJD8ZEL,3CM00QMEU6K4RDMFXAT0B6G6JT46W5,Fact or Fiction,"Please submit an interesting fact or myth, and indicate which one. If submitting a fact, please provide a source (website URL, book reference, etc). If submitting a myth, please specify if it was generated with AI.",survey,$0.00 ,Fri Nov 29 10:40:34 PST 2024,100,BatchId:411347;OriginalHitTemplateId:921587278;,3600,259200,Fri Dec 06 10:40:34 PST 2024,,,323Q6SJS83E1A9ACZE9P8DMMIOYHFB,A2JIRBAKZ19RKL,Approved,Tue Dec 03 12:19:06 PST 2024,Tue Dec 03 12:19:41 PST 2024,Fri Dec 06 12:19:41 PST 2024,Thu Dec 05 10:50:53 PST 2024,,,35,100% (9/9),100% (9/9),100% (9/9),Climate Change,FALSE,TRUE,TRUE,FALSE,N/A,News,Japan would be sunk in 20 years due to global warming.,,
3DTJ4WT8CXDS8WCGKMQO2I9BJD8ZEL,3CM00QMEU6K4RDMFXAT0B6G6JT46W5,Fact or Fiction,"Please submit an interesting fact or myth, and indicate which one. If submitting a fact, please provide a source (website URL, book reference, etc). If submitting a myth, please specify if it was generated with AI.",survey,$0.00 ,Fri Nov 29 10:40:34 PST 2024,100,BatchId:411347;OriginalHitTemplateId:921587278;,3600,259200,Fri Dec 06 10:40:34 PST 2024,,,3HUTX6F6VFLR1WKNFWP883PYL662OZ,A3GK1FK744XJ8B,Approved,Sun Dec 01 17:09:03 PST 2024,Sun Dec 01 17:09:38 PST 2024,Wed Dec 04 17:09:38 PST 2024,Wed Dec 04 17:09:49 PST 2024,,,35,100% (10/10),100% (10/10),100% (10/10),Climate Change,FALSE,TRUE,TRUE,FALSE,n/a,n/a,Climate Change is not real,,
3DTJ4WT8CXDS8WCGKMQO2I9BJD8ZEL,3CM00QMEU6K4RDMFXAT0B6G6JT46W5,Fact or Fiction,"Please submit an interesting fact or myth, and indicate which one. If submitting a fact, please provide a source (website URL, book reference, etc). If submitting a myth, please specify if it was generated with AI.",survey,$0.00 ,Fri Nov 29 10:40:34 PST 2024,100,BatchId:411347;OriginalHitTemplateId:921587278;,3600,259200,Fri Dec 06 10:40:34 PST 2024,,,3K2755HG5D1KYT5ADIQZHS7OQW5DFY,A36FH5FVHU69MT,Approved,Tue Dec 03 12:59:15 PST 2024,Tue Dec 03 12:59:36 PST 2024,Fri Dec 06 12:59:36 PST 2024,Thu Dec 05 10:50:52 PST 2024,,,21,100% (10/10),100% (10/10),100% (10/10),Climate Change,FALSE,TRUE,TRUE,FALSE,n/a,n/a,Climate change is not human caused.,,
3DTJ4WT8CXDS8WCGKMQO2I9BJD8ZEL,3CM00QMEU6K4RDMFXAT0B6G6JT46W5,Fact or Fiction,"Please submit an interesting fact or myth, and indicate which one. If submitting a fact, please provide a source (website URL, book reference, etc). If submitting a myth, please specify if it was generated with AI.",survey,$0.00 ,Fri Nov 29 10:40:34 PST 2024,100,BatchId:411347;OriginalHitTemplateId:921587278;,3600,259200,Fri Dec 06 10:40:34 PST 2024,,,3LPW2N6LKE0EDYN7T13F5GKZN2M5UH,A1R1ORXJ05C7EG,Approved,Mon Dec 02 18:10:12 PST 2024,Mon Dec 02 18:10:58 PST 2024,Thu Dec 05 18:10:58 PST 2024,Thu Dec 05 10:50:55 PST 2024,,,46,100% (10/10),100% (10/10),100% (10/10),Climate Change,TRUE,FALSE,TRUE,FALSE,N/A,https://www.climate.gov/news-features/understanding-climate/climate-change-global-temperature,Earth's temperatue has risen by about .11 degrees every decade since 1850.,,
3DTJ4WT8CXDS8WCGKMQO2I9BJD8ZEL,3CM00QMEU6K4RDMFXAT0B6G6JT46W5,Fact or Fiction,"Please submit an interesting fact or myth, and indicate which one. If submitting a fact, please provide a source (website URL, book reference, etc). If submitting a myth, please specify if it was generated with AI.",survey,$0.00 ,Fri Nov 29 10:40:34 PST 2024,100,BatchId:411347;OriginalHitTemplateId:921587278;,3600,259200,Fri Dec 06 10:40:34 PST 2024,,,3WZ36BJEVOE121PRU64I36YPEJZTBB,A2ECQJPKY9LHC3,Approved,Sat Nov 30 14:55:11 PST 2024,Sat Nov 30 14:55:50 PST 2024,Tue Dec 03 14:55:50 PST 2024,Tue Dec 03 14:56:49 PST 2024,,,39,100% (10/10),100% (10/10),100% (10/10),Climate Change,FALSE,TRUE,TRUE,FALSE,ChatGPT,"https://www.epa.gov/climatechange-science/causes-climate-change#:~:text=Climate%20change-,Climate%20change%20refers%20to%20long%2Dterm%20shifts%20in%20temperatures%20and,like%20coal%2C%20oil%20and%20gas.",Climate change is caused solely by natural factors and has nothing to do with human activities.,,
3DTJ4WT8CXDS8WCGKMQO2I9BJD8ZEL,3CM00QMEU6K4RDMFXAT0B6G6JT46W5,Fact or Fiction,"Please submit an interesting fact or myth, and indicate which one. If submitting a fact, please provide a source (website URL, book reference, etc). If submitting a myth, please specify if it was generated with AI.",survey,$0.00 ,Fri Nov 29 10:40:34 PST 2024,100,BatchId:411347;OriginalHitTemplateId:921587278;,3600,259200,Fri Dec 06 10:40:34 PST 2024,,,3X4JMASXC770MSS0W4G8JVWKH940BA,A209JFLE2JEZ0E,Approved,Mon Dec 02 10:49:24 PST 2024,Mon Dec 02 10:50:11 PST 2024,Thu Dec 05 10:50:11 PST 2024,Thu Dec 05 10:50:49 PST 2024,,,47,100% (10/10),100% (10/10),100% (10/10),Climate Change,TRUE,FALSE,TRUE,FALSE,N/A,https://www.axios.com/2024/12/02/climate-change-heat-wave-hot-spots,"The studies and media comments from scientists illustrate that the Earth's climate system — made up of the oceans, land and atmosphere — may no longer be behaving as it used to.",,
3DTJ4WT8CXDS8WCGKMQO2I9BJD8ZEL,3CM00QMEU6K4RDMFXAT0B6G6JT46W5,Fact or Fiction,"Please submit an interesting fact or myth, and indicate which one. If submitting a fact, please provide a source (website URL, book reference, etc). If submitting a myth, please specify if it was generated with AI.",survey,$0.00 ,Fri Nov 29 10:40:34 PST 2024,100,BatchId:411347;OriginalHitTemplateId:921587278;,3600,259200,Fri Dec 06 10:40:34 PST 2024,,,3YT88D1N0TWXWNVRL4BKKWDH7FXK39,A1WDIDASJA224N,Approved,Tue Dec 03 12:24:18 PST 2024,Tue Dec 03 12:24:42 PST 2024,Fri Dec 06 12:24:42 PST 2024,Thu Dec 05 10:50:53 PST 2024,,,24,100% (10/10),100% (10/10),100% (10/10),Climate Change,FALSE,TRUE,TRUE,FALSE,NA,NA,climate change is a figment of my imagination,,
3VMHWJRYIFEV9FCXEFM9NFE0NEPXF4,3CM00QMEU6K4RDMFXAT0B6G6JT46W5,Fact or Fiction,"Please submit an interesting fact or myth, and indicate which one. If submitting a fact, please provide a source (website URL, book reference, etc). If submitting a myth, please specify if it was generated with AI.",survey,$0.00 ,Fri Nov 29 10:40:34 PST 2024,100,BatchId:411347;OriginalHitTemplateId:921587278;,3600,259200,Fri Dec 06 10:40:34 PST 2024,,,31IBVUNM9DX6SA5W43QTNEDVQ27VFB,A3FLICAK428301,Approved,Sat Nov 30 10:28:27 PST 2024,Sat Nov 30 10:28:59 PST 2024,Tue Dec 03 10:28:59 PST 2024,Tue Dec 03 10:29:49 PST 2024,,,32,100% (3/3),100% (3/3),100% (3/3),Space Exploration,TRUE,FALSE,TRUE,FALSE,N/A,https://en.wikipedia.org/wiki/Space_exploration,Space exploration is the use of astronomy and space technology to explore outer space.,,
3VMHWJRYIFEV9FCXEFM9NFE0NEPXF4,3CM00QMEU6K4RDMFXAT0B6G6JT46W5,Fact or Fiction,"Please submit an interesting fact or myth, and indicate which one. If submitting a fact, please provide a source (website URL, book reference, etc). If submitting a myth, please specify if it was generated with AI.",survey,$0.00 ,Fri Nov 29 10:40:34 PST 2024,100,BatchId:411347;OriginalHitTemplateId:921587278;,3600,259200,Fri Dec 06 10:40:34 PST 2024,,,3A4TN51965GU7XQ28CJO071JLB6CHV,A2R2YYU5VARQEW,Approved,Tue Dec 03 09:24:06 PST 2024,Tue Dec 03 09:24:19 PST 2024,Fri Dec 06 09:24:19 PST 2024,Thu Dec 05 10:51:05 PST 2024,,,13,100% (3/3),100% (3/3),100% (3/3),Space Exploration,FALSE,TRUE,FALSE,TRUE,ChatGPT,N/A,"In the cold vacuum of space, you would instantly freeze solid",,
3VMHWJRYIFEV9FCXEFM9NFE0NEPXF4,3CM00QMEU6K4RDMFXAT0B6G6JT46W5,Fact or Fiction,"Please submit an interesting fact or myth, and indicate which one. If submitting a fact, please provide a source (website URL, book reference, etc). If submitting a myth, please specify if it was generated with AI.",survey,$0.00 ,Fri Nov 29 10:40:34 PST 2024,100,BatchId:411347;OriginalHitTemplateId:921587278;,3600,259200,Fri Dec 06 10:40:34 PST 2024,,,3CCZ6YKWRSHGT6Z4VQ8O9KXLAHB59P,A3GK1FK744XJ8B,Approved,Sun Dec 01 17:10:32 PST 2024,Sun Dec 01 17:10:49 PST 2024,Wed Dec 04 17:10:49 PST 2024,Wed Dec 04 17:11:49 PST 2024,,,17,100% (10/10),100% (10/10),100% (10/10),Space Exploration,FALSE,TRUE,TRUE,FALSE,n/a,n/a,The moon landing was fake,,
3VMHWJRYIFEV9FCXEFM9NFE0NEPXF4,3CM00QMEU6K4RDMFXAT0B6G6JT46W5,Fact or Fiction,"Please submit an interesting fact or myth, and indicate which one. If submitting a fact, please provide a source (website URL, book reference, etc). If submitting a myth, please specify if it was generated with AI.",survey,$0.00 ,Fri Nov 29 10:40:34 PST 2024,100,BatchId:411347;OriginalHitTemplateId:921587278;,3600,259200,Fri Dec 06 10:40:34 PST 2024,,,3COPXFW7XWA43C0EJ28RXZGICBPKPL,A3G8JLLEXGUZYP,Approved,Tue Dec 03 13:10:00 PST 2024,Tue Dec 03 13:11:58 PST 2024,Fri Dec 06 13:11:58 PST 2024,Thu Dec 05 10:51:06 PST 2024,,,118,100% (10/10),100% (10/10),100% (10/10),Space Exploration,FALSE,TRUE,TRUE,FALSE,N/A,N/A,There is no gravity in space.,,
3VMHWJRYIFEV9FCXEFM9NFE0NEPXF4,3CM00QMEU6K4RDMFXAT0B6G6JT46W5,Fact or Fiction,"Please submit an interesting fact or myth, and indicate which one. If submitting a fact, please provide a source (website URL, book reference, etc). If submitting a myth, please specify if it was generated with AI.",survey,$0.00 ,Fri Nov 29 10:40:34 PST 2024,100,BatchId:411347;OriginalHitTemplateId:921587278;,3600,259200,Fri Dec 06 10:40:34 PST 2024,,,3J4Q2Z4UTJ1GYOVA8T6JLF0N4EJQWD,A209JFLE2JEZ0E,Approved,Mon Dec 02 10:53:07 PST 2024,Mon Dec 02 10:53:46 PST 2024,Thu Dec 05 10:53:46 PST 2024,Thu Dec 05 10:51:06 PST 2024,,,39,100% (10/10),100% (10/10),100% (10/10),Space Exploration,TRUE,FALSE,TRUE,FALSE,N/A,https://www.businesstoday.in/visualstories/news/can-we-reach-mars-in-90-days-elon-musk-has-a-dramatic-plan-with-spacex-starship-191187-02-12-2024,"Elon Musk, CEO of SpaceX, has announced plans to dramatically cut travel time to Mars.",,
3VMHWJRYIFEV9FCXEFM9NFE0NEPXF4,3CM00QMEU6K4RDMFXAT0B6G6JT46W5,Fact or Fiction,"Please submit an interesting fact or myth, and indicate which one. If submitting a fact, please provide a source (website URL, book reference, etc). If submitting a myth, please specify if it was generated with AI.",survey,$0.00 ,Fri Nov 29 10:40:34 PST 2024,100,BatchId:411347;OriginalHitTemplateId:921587278;,3600,259200,Fri Dec 06 10:40:34 PST 2024,,,3K772S5NPT994VAG43PJQV1M6NJHET,A2JIRBAKZ19RKL,Approved,Tue Dec 03 12:17:59 PST 2024,Tue Dec 03 12:19:05 PST 2024,Fri Dec 06 12:19:05 PST 2024,Thu Dec 05 10:51:06 PST 2024,,,66,100% (9/9),100% (9/9),100% (9/9),Space Exploration,FALSE,TRUE,TRUE,FALSE,N/A,Personal Knowledge,Astronauts can see the Great Wall from space,,
3VMHWJRYIFEV9FCXEFM9NFE0NEPXF4,3CM00QMEU6K4RDMFXAT0B6G6JT46W5,Fact or Fiction,"Please submit an interesting fact or myth, and indicate which one. If submitting a fact, please provide a source (website URL, book reference, etc). If submitting a myth, please specify if it was generated with AI.",survey,$0.00 ,Fri Nov 29 10:40:34 PST 2024,100,BatchId:411347;OriginalHitTemplateId:921587278;,3600,259200,Fri Dec 06 10:40:34 PST 2024,,,3KRVW3HTZ8JW6SG9WVP17HDXO0RMS8,A36FH5FVHU69MT,Approved,Tue Dec 03 12:55:48 PST 2024,Tue Dec 03 12:56:39 PST 2024,Fri Dec 06 12:56:39 PST 2024,Thu Dec 05 10:51:06 PST 2024,,,51,100% (10/10),100% (10/10),100% (10/10),Space Exploration,TRUE,FALSE,TRUE,FALSE,n/a,Mark Rober YouTube Channel,Space X is the first company that reuse boosters.,,
3VMHWJRYIFEV9FCXEFM9NFE0NEPXF4,3CM00QMEU6K4RDMFXAT0B6G6JT46W5,Fact or Fiction,"Please submit an interesting fact or myth, and indicate which one. If submitting a fact, please provide a source (website URL, book reference, etc). If submitting a myth, please specify if it was generated with AI.",survey,$0.00 ,Fri Nov 29 10:40:34 PST 2024,100,BatchId:411347;OriginalHitTemplateId:921587278;,3600,259200,Fri Dec 06 10:40:34 PST 2024,,,3LOTDFNYASXJ7Z51UDVP9GW9XB9WFM,A38FQN4GN4WYEB,Approved,Sat Nov 30 16:25:46 PST 2024,Sat Nov 30 16:27:42 PST 2024,Tue Dec 03 16:27:42 PST 2024,Tue Dec 03 16:27:49 PST 2024,,,116,100% (11/11),100% (11/11),100% (11/11),Space Exploration,FALSE,TRUE,FALSE,TRUE,ChatGPT,n/a,from here Spacecraft can stop in space and hover like a helicopter.,,
3VMHWJRYIFEV9FCXEFM9NFE0NEPXF4,3CM00QMEU6K4RDMFXAT0B6G6JT46W5,Fact or Fiction,"Please submit an interesting fact or myth, and indicate which one. If submitting a fact, please provide a source (website URL, book reference, etc). If submitting a myth, please specify if it was generated with AI.",survey,$0.00 ,Fri Nov 29 10:40:34 PST 2024,100,BatchId:411347;OriginalHitTemplateId:921587278;,3600,259200,Fri Dec 06 10:40:34 PST 2024,,,3WETL7AQWE6UE4AOEH7EI7UZAP2357,A1R1ORXJ05C7EG,Approved,Mon Dec 02 18:12:43 PST 2024,Mon Dec 02 18:13:12 PST 2024,Thu Dec 05 18:13:12 PST 2024,Thu Dec 05 10:51:06 PST 2024,,,29,100% (10/10),100% (10/10),100% (10/10),Space Exploration,FALSE,TRUE,FALSE,TRUE,ChatGPT,N/A,"Every rocket launch leaves a faint scar on the fabric of space, marking humanity's journey to the stars.",,
3VMHWJRYIFEV9FCXEFM9NFE0NEPXF4,3CM00QMEU6K4RDMFXAT0B6G6JT46W5,Fact or Fiction,"Please submit an interesting fact or myth, and indicate which one. If submitting a fact, please provide a source (website URL, book reference, etc). If submitting a myth, please specify if it was generated with AI.",survey,$0.00 ,Fri Nov 29 10:40:34 PST 2024,100,BatchId:411347;OriginalHitTemplateId:921587278;,3600,259200,Fri Dec 06 10:40:34 PST 2024,,,3WS1NTTKEJAQZ94G16242LN5W7WF07,A1WDIDASJA224N,Approved,Tue Dec 03 12:20:56 PST 2024,Tue Dec 03 12:21:32 PST 2024,Fri Dec 06 12:21:32 PST 2024,Thu Dec 05 10:51:06 PST 2024,,,36,100% (10/10),100% (10/10),100% (10/10),Space Exploration,TRUE,FALSE,TRUE,FALSE,na,https://www.reuters.com/technology/space/worlds-first-wooden-satellite-developed-japan-heads-space-2024-11-05/,Japan explored space earlier this year,,
3VMHWJRYIFEV9FCXEFM9NFE0NEPXF4,3CM00QMEU6K4RDMFXAT0B6G6JT46W5,Fact or Fiction,"Please submit an interesting fact or myth, and indicate which one. If submitting a fact, please provide a source (website URL, book reference, etc). If submitting a myth, please specify if it was generated with AI.",survey,$0.00 ,Fri Nov 29 10:40:34 PST 2024,100,BatchId:411347;OriginalHitTemplateId:921587278;,3600,259200,Fri Dec 06 10:40:34 PST 2024,,,3XC1O3LBODKDFAB3LJTCH9UUQDDLTQ,A2ECQJPKY9LHC3,Approved,Sat Nov 30 14:46:20 PST 2024,Sat Nov 30 14:47:09 PST 2024,Tue Dec 03 14:47:09 PST 2024,Tue Dec 03 14:47:49 PST 2024,,,49,100% (10/10),100% (10/10),100% (10/10),Space Exploration,TRUE,FALSE,TRUE,FALSE,N/A,"https://www.rmg.co.uk/stories/topics/how-many-people-have-walked-on-moon#:~:text=Neil%20Armstrong%20on%20the%20Moon,be%20tested%20back%20on%20Earth.",Neil Armstrong was the first astronaut on the moon.,,
3R5LWXWHSK61NF8SPZSR50ECOTPXG3,3CM00QMEU6K4RDMFXAT0B6G6JT46W5,Fact or Fiction,"Please submit an interesting fact or myth, and indicate which one. If submitting a fact, please provide a source (website URL, book reference, etc). If submitting a myth, please specify if it was generated with AI.",survey,$0.00 ,Fri Nov 29 10:40:34 PST 2024,100,BatchId:411347;OriginalHitTemplateId:921587278;,3600,259200,Fri Dec 06 10:40:34 PST 2024,,,30LB5CDZNX8W4QVG2IWB5D3N8CQ0ZG,A1R1ORXJ05C7EG,Approved,Mon Dec 02 18:14:45 PST 2024,Mon Dec 02 18:14:55 PST 2024,Thu Dec 05 18:14:55 PST 2024,Thu Dec 05 10:51:00 PST 2024,,,10,100% (10/10),100% (10/10),100% (10/10),Artificial Intelligence,FALSE,TRUE,FALSE,TRUE,ChatGPT,N/A,"Artificial intelligence dreams in code, weaving fragments of human thought into its own evolving consciousness.",,
3R5LWXWHSK61NF8SPZSR50ECOTPXG3,3CM00QMEU6K4RDMFXAT0B6G6JT46W5,Fact or Fiction,"Please submit an interesting fact or myth, and indicate which one. If submitting a fact, please provide a source (website URL, book reference, etc). If submitting a myth, please specify if it was generated with AI.",survey,$0.00 ,Fri Nov 29 10:40:34 PST 2024,100,BatchId:411347;OriginalHitTemplateId:921587278;,3600,259200,Fri Dec 06 10:40:34 PST 2024,,,32Z9ZLUT16IVGMN5YHSFV7V0APPHOX,A36FH5FVHU69MT,Approved,Tue Dec 03 12:56:39 PST 2024,Tue Dec 03 12:57:17 PST 2024,Fri Dec 06 12:57:17 PST 2024,Thu Dec 05 10:51:00 PST 2024,,,38,100% (10/10),100% (10/10),100% (10/10),Artificial Intelligence,FALSE,TRUE,TRUE,FALSE,n/a,n/a,ChatGPT 3.5 was launched in April 2018.,,
3R5LWXWHSK61NF8SPZSR50ECOTPXG3,3CM00QMEU6K4RDMFXAT0B6G6JT46W5,Fact or Fiction,"Please submit an interesting fact or myth, and indicate which one. If submitting a fact, please provide a source (website URL, book reference, etc). If submitting a myth, please specify if it was generated with AI.",survey,$0.00 ,Fri Nov 29 10:40:34 PST 2024,100,BatchId:411347;OriginalHitTemplateId:921587278;,3600,259200,Fri Dec 06 10:40:34 PST 2024,,,3C2NJ6JBKVF9JBKBEHPVTEPTVW12NK,A3GK1FK744XJ8B,Approved,Sun Dec 01 17:06:38 PST 2024,Sun Dec 01 17:07:22 PST 2024,Wed Dec 04 17:07:22 PST 2024,Wed Dec 04 17:07:49 PST 2024,,,44,100% (10/10),100% (10/10),100% (10/10),Artificial Intelligence,TRUE,FALSE,TRUE,FALSE,ChapGPT,Chat GPT,"""Artificial intelligence is the simulation of human intelligence processes by machines, especially computer systems.""",,
3R5LWXWHSK61NF8SPZSR50ECOTPXG3,3CM00QMEU6K4RDMFXAT0B6G6JT46W5,Fact or Fiction,"Please submit an interesting fact or myth, and indicate which one. If submitting a fact, please provide a source (website URL, book reference, etc). If submitting a myth, please specify if it was generated with AI.",survey,$0.00 ,Fri Nov 29 10:40:34 PST 2024,100,BatchId:411347;OriginalHitTemplateId:921587278;,3600,259200,Fri Dec 06 10:40:34 PST 2024,,,3DR23U6WEQCZ941B4X684E4AHGCTEB,A38FQN4GN4WYEB,Approved,Sat Nov 30 16:31:07 PST 2024,Sat Nov 30 16:31:41 PST 2024,Tue Dec 03 16:31:41 PST 2024,Tue Dec 03 16:31:49 PST 2024,,,34,100% (11/11),100% (11/11),100% (11/11),Artificial Intelligence,FALSE,TRUE,TRUE,FALSE,n/a,n/a,AI can fully understand and replicate human emotions,,
3R5LWXWHSK61NF8SPZSR50ECOTPXG3,3CM00QMEU6K4RDMFXAT0B6G6JT46W5,Fact or Fiction,"Please submit an interesting fact or myth, and indicate which one. If submitting a fact, please provide a source (website URL, book reference, etc). If submitting a myth, please specify if it was generated with AI.",survey,$0.00 ,Fri Nov 29 10:40:34 PST 2024,100,BatchId:411347;OriginalHitTemplateId:921587278;,3600,259200,Fri Dec 06 10:40:34 PST 2024,,,3H0W84IWB50MTPOJ081D4Z3STVFREW,A2ECQJPKY9LHC3,Approved,Sat Nov 30 14:52:18 PST 2024,Sat Nov 30 14:53:09 PST 2024,Tue Dec 03 14:53:09 PST 2024,Tue Dec 03 14:53:49 PST 2024,,,51,100% (10/10),100% (10/10),100% (10/10),Artificial Intelligence,FALSE,TRUE,FALSE,TRUE,CHATGPT,https://www.telecomreview.com/articles/reports-and-coverage/8474-can-ai-think-like-us-unveiling-the-science-behind-human-decision-making/,AI systems can think and feel just like humans.,,
3R5LWXWHSK61NF8SPZSR50ECOTPXG3,3CM00QMEU6K4RDMFXAT0B6G6JT46W5,Fact or Fiction,"Please submit an interesting fact or myth, and indicate which one. If submitting a fact, please provide a source (website URL, book reference, etc). If submitting a myth, please specify if it was generated with AI.",survey,$0.00 ,Fri Nov 29 10:40:34 PST 2024,100,BatchId:411347;OriginalHitTemplateId:921587278;,3600,259200,Fri Dec 06 10:40:34 PST 2024,,,3IAS3U3I00E7I2VEBRKM2JPZE7OB25,A1WDIDASJA224N,Approved,Tue Dec 03 12:20:23 PST 2024,Tue Dec 03 12:20:50 PST 2024,Fri Dec 06 12:20:50 PST 2024,Thu Dec 05 10:51:00 PST 2024,,,27,100% (10/10),100% (10/10),100% (10/10),Artificial Intelligence,TRUE,FALSE,TRUE,FALSE,na,https://play.google.com/store/apps/details?id=com.google.android.apps.bard&hl=en_US&pli=1,Gemini is Google's Artificial Intelligence platform,,
3R5LWXWHSK61NF8SPZSR50ECOTPXG3,3CM00QMEU6K4RDMFXAT0B6G6JT46W5,Fact or Fiction,"Please submit an interesting fact or myth, and indicate which one. If submitting a fact, please provide a source (website URL, book reference, etc). If submitting a myth, please specify if it was generated with AI.",survey,$0.00 ,Fri Nov 29 10:40:34 PST 2024,100,BatchId:411347;OriginalHitTemplateId:921587278;,3600,259200,Fri Dec 06 10:40:34 PST 2024,,,3LWJHTCVCXKEN29FI4WJHREN9BUFQ5,A3G8JLLEXGUZYP,Approved,Tue Dec 03 13:07:20 PST 2024,Tue Dec 03 13:08:33 PST 2024,Fri Dec 06 13:08:33 PST 2024,Thu Dec 05 10:51:02 PST 2024,,,73,100% (10/10),100% (10/10),100% (10/10),Artificial Intelligence,TRUE,FALSE,TRUE,FALSE,N/A,it was in my head,Most AI today uses empirical risk minimization,,
3R5LWXWHSK61NF8SPZSR50ECOTPXG3,3CM00QMEU6K4RDMFXAT0B6G6JT46W5,Fact or Fiction,"Please submit an interesting fact or myth, and indicate which one. If submitting a fact, please provide a source (website URL, book reference, etc). If submitting a myth, please specify if it was generated with AI.",survey,$0.00 ,Fri Nov 29 10:40:34 PST 2024,100,BatchId:411347;OriginalHitTemplateId:921587278;,3600,259200,Fri Dec 06 10:40:34 PST 2024,,,3PM8NZGV8JEVNO00IY25NYEUDGPQX6,A209JFLE2JEZ0E,Approved,Mon Dec 02 10:53:46 PST 2024,Mon Dec 02 10:54:13 PST 2024,Thu Dec 05 10:54:13 PST 2024,Thu Dec 05 10:51:00 PST 2024,,,27,100% (10/10),100% (10/10),100% (10/10),Artificial Intelligence,FALSE,TRUE,TRUE,FALSE,N/A,N/A,AI provides factually correct information.,,
3R5LWXWHSK61NF8SPZSR50ECOTPXG3,3CM00QMEU6K4RDMFXAT0B6G6JT46W5,Fact or Fiction,"Please submit an interesting fact or myth, and indicate which one. If submitting a fact, please provide a source (website URL, book reference, etc). If submitting a myth, please specify if it was generated with AI.",survey,$0.00 ,Fri Nov 29 10:40:34 PST 2024,100,BatchId:411347;OriginalHitTemplateId:921587278;,3600,259200,Fri Dec 06 10:40:34 PST 2024,,,3TY7ZAOG50I1FVWU2HT1IYFA43DK0E,A2JIRBAKZ19RKL,Approved,Tue Dec 03 12:21:18 PST 2024,Tue Dec 03 12:22:09 PST 2024,Fri Dec 06 12:22:09 PST 2024,Thu Dec 05 10:51:01 PST 2024,,,51,100% (9/9),100% (9/9),100% (9/9),Artificial Intelligence,TRUE,FALSE,TRUE,FALSE,N/A,Personal Knowledge,The AI course in UPenn is taught by Professor Chris Callison-Burch,,
3X0EMNLXF9NFW3WWS3HWBOVJ994PVW,3CM00QMEU6K4RDMFXAT0B6G6JT46W5,Fact or Fiction,"Please submit an interesting fact or myth, and indicate which one. If submitting a fact, please provide a source (website URL, book reference, etc). If submitting a myth, please specify if it was generated with AI.",survey,$0.00 ,Fri Nov 29 10:40:34 PST 2024,100,BatchId:411347;OriginalHitTemplateId:921587278;,3600,259200,Fri Dec 06 10:40:34 PST 2024,,,37Z929RLGU60JN6T5SQDTV8PI8MTSF,A209JFLE2JEZ0E,Approved,Mon Dec 02 10:51:37 PST 2024,Mon Dec 02 10:52:14 PST 2024,Thu Dec 05 10:52:14 PST 2024,Thu Dec 05 10:51:12 PST 2024,,,37,100% (10/10),100% (10/10),100% (10/10),Health and Nutrition,FALSE,TRUE,FALSE,TRUE,ChatGPT,N/A,Drinking eight glasses of water a day is essential for everyone to stay hydrated.,,
3X0EMNLXF9NFW3WWS3HWBOVJ994PVW,3CM00QMEU6K4RDMFXAT0B6G6JT46W5,Fact or Fiction,"Please submit an interesting fact or myth, and indicate which one. If submitting a fact, please provide a source (website URL, book reference, etc). If submitting a myth, please specify if it was generated with AI.",survey,$0.00 ,Fri Nov 29 10:40:34 PST 2024,100,BatchId:411347;OriginalHitTemplateId:921587278;,3600,259200,Fri Dec 06 10:40:34 PST 2024,,,39LOEL67OD3D1MTQCFEHUR4QCF3389,A1R1ORXJ05C7EG,Approved,Mon Dec 02 18:14:58 PST 2024,Mon Dec 02 18:15:55 PST 2024,Thu Dec 05 18:15:55 PST 2024,Thu Dec 05 10:51:14 PST 2024,,,57,100% (10/10),100% (10/10),100% (10/10),Health and Nutrition,TRUE,FALSE,TRUE,FALSE,N/A,https://www.unitypoint.org/news-and-articles/19-things-you-should-know-about-nutrition,"Just because a food is natural, doesn't mean it is healthy.",,
3X0EMNLXF9NFW3WWS3HWBOVJ994PVW,3CM00QMEU6K4RDMFXAT0B6G6JT46W5,Fact or Fiction,"Please submit an interesting fact or myth, and indicate which one. If submitting a fact, please provide a source (website URL, book reference, etc). If submitting a myth, please specify if it was generated with AI.",survey,$0.00 ,Fri Nov 29 10:40:34 PST 2024,100,BatchId:411347;OriginalHitTemplateId:921587278;,3600,259200,Fri Dec 06 10:40:34 PST 2024,,,3AAPLD8UCXFBTESDUYEEPH1N9X6HTJ,A3G8JLLEXGUZYP,Approved,Tue Dec 03 13:02:20 PST 2024,Tue Dec 03 13:04:03 PST 2024,Fri Dec 06 13:04:03 PST 2024,Thu Dec 05 10:51:14 PST 2024,,,103,100% (10/10),100% (10/10),100% (10/10),Health and Nutrition,FALSE,TRUE,TRUE,FALSE,N/A,N/A,Taking a daily multivitamin reduces the risk of various diseases.,,
3X0EMNLXF9NFW3WWS3HWBOVJ994PVW,3CM00QMEU6K4RDMFXAT0B6G6JT46W5,Fact or Fiction,"Please submit an interesting fact or myth, and indicate which one. If submitting a fact, please provide a source (website URL, book reference, etc). If submitting a myth, please specify if it was generated with AI.",survey,$0.00 ,Fri Nov 29 10:40:34 PST 2024,100,BatchId:411347;OriginalHitTemplateId:921587278;,3600,259200,Fri Dec 06 10:40:34 PST 2024,,,3GLB5JMZFITQCT15O2WHZD70RB5DGX,A36FH5FVHU69MT,Approved,Tue Dec 03 12:59:37 PST 2024,Tue Dec 03 13:00:18 PST 2024,Fri Dec 06 13:00:18 PST 2024,Thu Dec 05 10:51:12 PST 2024,,,41,100% (10/10),100% (10/10),100% (10/10),Health and Nutrition,FALSE,TRUE,TRUE,FALSE,n/a,n/a,"For optimal muscle growth, you should eat one gram of protein for every kilogram of body weight.",,
3X0EMNLXF9NFW3WWS3HWBOVJ994PVW,3CM00QMEU6K4RDMFXAT0B6G6JT46W5,Fact or Fiction,"Please submit an interesting fact or myth, and indicate which one. If submitting a fact, please provide a source (website URL, book reference, etc). If submitting a myth, please specify if it was generated with AI.",survey,$0.00 ,Fri Nov 29 10:40:34 PST 2024,100,BatchId:411347;OriginalHitTemplateId:921587278;,3600,259200,Fri Dec 06 10:40:34 PST 2024,,,3Q5ZZ9ZEV9DGF1GUQY2A9O2AQBT580,A3GK1FK744XJ8B,Approved,Sun Dec 01 17:10:02 PST 2024,Sun Dec 01 17:10:29 PST 2024,Wed Dec 04 17:10:29 PST 2024,Wed Dec 04 17:10:49 PST 2024,,,27,100% (10/10),100% (10/10),100% (10/10),Health and Nutrition,TRUE,FALSE,TRUE,FALSE,n/a,n/s,Vitamins are good for your health,,
3X0EMNLXF9NFW3WWS3HWBOVJ994PVW,3CM00QMEU6K4RDMFXAT0B6G6JT46W5,Fact or Fiction,"Please submit an interesting fact or myth, and indicate which one. If submitting a fact, please provide a source (website URL, book reference, etc). If submitting a myth, please specify if it was generated with AI.",survey,$0.00 ,Fri Nov 29 10:40:34 PST 2024,100,BatchId:411347;OriginalHitTemplateId:921587278;,3600,259200,Fri Dec 06 10:40:34 PST 2024,,,3SNLUL3WOPLSFNQSLOJMM5GW9RKLUH,A2ECQJPKY9LHC3,Approved,Sat Nov 30 14:50:42 PST 2024,Sat Nov 30 14:51:21 PST 2024,Tue Dec 03 14:51:21 PST 2024,Tue Dec 03 14:51:49 PST 2024,,,39,100% (10/10),100% (10/10),100% (10/10),Health and Nutrition,FALSE,TRUE,TRUE,FALSE,N/A,"https://www.health.harvard.edu/staying-healthy/are-fats-so-bad#:~:text=More%20important%2C%20not%20all%20fats,by%20improving%20your%20cholesterol%20profile.",All fats are bad.,,
3X0EMNLXF9NFW3WWS3HWBOVJ994PVW,3CM00QMEU6K4RDMFXAT0B6G6JT46W5,Fact or Fiction,"Please submit an interesting fact or myth, and indicate which one. If submitting a fact, please provide a source (website URL, book reference, etc). If submitting a myth, please specify if it was generated with AI.",survey,$0.00 ,Fri Nov 29 10:40:34 PST 2024,100,BatchId:411347;OriginalHitTemplateId:921587278;,3600,259200,Fri Dec 06 10:40:34 PST 2024,,,3TVRFO09G5DKWRKNQTU96CF0391LX9,A38FQN4GN4WYEB,Approved,Sat Nov 30 16:32:44 PST 2024,Sat Nov 30 16:33:45 PST 2024,Tue Dec 03 16:33:45 PST 2024,Tue Dec 03 16:33:49 PST 2024,,,61,100% (11/11),100% (11/11),100% (11/11),Health and Nutrition,FALSE,TRUE,FALSE,TRUE,chatgpt,n/a,Carbs are bad for you and should be avoided,,
3X0EMNLXF9NFW3WWS3HWBOVJ994PVW,3CM00QMEU6K4RDMFXAT0B6G6JT46W5,Fact or Fiction,"Please submit an interesting fact or myth, and indicate which one. If submitting a fact, please provide a source (website URL, book reference, etc). If submitting a myth, please specify if it was generated with AI.",survey,$0.00 ,Fri Nov 29 10:40:34 PST 2024,100,BatchId:411347;OriginalHitTemplateId:921587278;,3600,259200,Fri Dec 06 10:40:34 PST 2024,,,3WQ3B2KGETE0THDISNK8X0FUM1AB1O,A2JIRBAKZ19RKL,Approved,Tue Dec 03 12:19:44 PST 2024,Tue Dec 03 12:20:26 PST 2024,Fri Dec 06 12:20:26 PST 2024,Thu Dec 05 10:51:12 PST 2024,,,42,100% (9/9),100% (9/9),100% (9/9),Health and Nutrition,TRUE,FALSE,FALSE,TRUE,Claude,Claude,Eating an apple a day provides important vitamins,,
3X0EMNLXF9NFW3WWS3HWBOVJ994PVW,3CM00QMEU6K4RDMFXAT0B6G6JT46W5,Fact or Fiction,"Please submit an interesting fact or myth, and indicate which one. If submitting a fact, please provide a source (website URL, book reference, etc). If submitting a myth, please specify if it was generated with AI.",survey,$0.00 ,Fri Nov 29 10:40:34 PST 2024,100,BatchId:411347;OriginalHitTemplateId:921587278;,3600,259200,Fri Dec 06 10:40:34 PST 2024,,,3X4JMASXC770MSS0W4G8JVWKH94B0L,A1WDIDASJA224N,Approved,Tue Dec 03 12:18:08 PST 2024,Tue Dec 03 12:18:51 PST 2024,Fri Dec 06 12:18:51 PST 2024,Thu Dec 05 10:51:12 PST 2024,,,43,100% (10/10),100% (10/10),100% (10/10),Health and Nutrition,TRUE,FALSE,TRUE,FALSE,N/A,https://www.mayoclinic.org/healthy-lifestyle/fitness/in-depth/10000-steps/art-20317391,Walking 10000 steps a day is good for you,,
3M93N4X8I4L3I0CU3V7735P0164SJU,3CM00QMEU6K4RDMFXAT0B6G6JT46W5,Fact or Fiction,"Please submit an interesting fact or myth, and indicate which one. If submitting a fact, please provide a source (website URL, book reference, etc). If submitting a myth, please specify if it was generated with AI.",survey,$0.00 ,Fri Nov 29 10:40:34 PST 2024,100,BatchId:411347;OriginalHitTemplateId:921587278;,3600,259200,Fri Dec 06 10:40:34 PST 2024,,,31UV0MXWNBA947S7ZKE1MDWOT7Z5I9,A2R2YYU5VARQEW,Approved,Tue Dec 03 09:21:53 PST 2024,Tue Dec 03 09:22:56 PST 2024,Fri Dec 06 09:22:56 PST 2024,Thu Dec 05 10:50:57 PST 2024,,,63,100% (3/3),100% (3/3),100% (3/3),Ancient Civilizations,TRUE,FALSE,TRUE,FALSE,N/A,https://en.wikipedia.org/wiki/G%C3%B6bekli_Tepe,Göbekli Tepe is a Neolithic archaeological site in the Southeastern Anatolia Region of Turkey.,,
3M93N4X8I4L3I0CU3V7735P0164SJU,3CM00QMEU6K4RDMFXAT0B6G6JT46W5,Fact or Fiction,"Please submit an interesting fact or myth, and indicate which one. If submitting a fact, please provide a source (website URL, book reference, etc). If submitting a myth, please specify if it was generated with AI.",survey,$0.00 ,Fri Nov 29 10:40:34 PST 2024,100,BatchId:411347;OriginalHitTemplateId:921587278;,3600,259200,Fri Dec 06 10:40:34 PST 2024,,,323Q6SJS83E1A9ACZE9P8DMMIOXFH8,A3GK1FK744XJ8B,Approved,Sun Dec 01 17:04:12 PST 2024,Sun Dec 01 17:05:36 PST 2024,Wed Dec 04 17:05:36 PST 2024,Wed Dec 04 17:05:49 PST 2024,,,84,100% (10/10),100% (10/10),100% (10/10),Ancient Civilizations,TRUE,FALSE,TRUE,FALSE,N/A,"https://en.wikipedia.org/wiki/Ancient_Egyptian_religion#:~:text=The%20Egyptians%20believed%20in%20a,turn%20them%20to%20human%20advantage.",Egypt had a lot of ancient civilizations who believed in gods and goddesses,,
3M93N4X8I4L3I0CU3V7735P0164SJU,3CM00QMEU6K4RDMFXAT0B6G6JT46W5,Fact or Fiction,"Please submit an interesting fact or myth, and indicate which one. If submitting a fact, please provide a source (website URL, book reference, etc). If submitting a myth, please specify if it was generated with AI.",survey,$0.00 ,Fri Nov 29 10:40:34 PST 2024,100,BatchId:411347;OriginalHitTemplateId:921587278;,3600,259200,Fri Dec 06 10:40:34 PST 2024,,,3570Y55XZAHTA4WWKYJVCYH19Y9YGM,A38FQN4GN4WYEB,Approved,Sat Nov 30 16:24:47 PST 2024,Sat Nov 30 16:25:46 PST 2024,Tue Dec 03 16:25:46 PST 2024,Tue Dec 03 16:25:49 PST 2024,,,59,100% (11/11),100% (11/11),100% (11/11),Ancient Civilizations,FALSE,TRUE,FALSE,TRUE,ChatGPT,n/a,The Great Wall of China is visible from space with the naked eye.,,
3M93N4X8I4L3I0CU3V7735P0164SJU,3CM00QMEU6K4RDMFXAT0B6G6JT46W5,Fact or Fiction,"Please submit an interesting fact or myth, and indicate which one. If submitting a fact, please provide a source (website URL, book reference, etc). If submitting a myth, please specify if it was generated with AI.",survey,$0.00 ,Fri Nov 29 10:40:34 PST 2024,100,BatchId:411347;OriginalHitTemplateId:921587278;,3600,259200,Fri Dec 06 10:40:34 PST 2024,,,37ZHEEHM6HK918O72AMBGR8V1VX37M,A1R1ORXJ05C7EG,Approved,Mon Dec 02 18:14:04 PST 2024,Mon Dec 02 18:14:23 PST 2024,Thu Dec 05 18:14:23 PST 2024,Thu Dec 05 10:50:57 PST 2024,,,19,100% (10/10),100% (10/10),100% (10/10),Ancient Civilizations,TRUE,FALSE,TRUE,FALSE,N/A,"https://study.com/academy/lesson/largest-empires-in-history-timelines-populations.html#:~:text=The%20Achaemenid%20Empire%20(550%20BCE,of%20Southern%20Asia%20and%20Europe.",The Achaemenid Empire is one of the largest ancient civilizations to ever exist.,,
3M93N4X8I4L3I0CU3V7735P0164SJU,3CM00QMEU6K4RDMFXAT0B6G6JT46W5,Fact or Fiction,"Please submit an interesting fact or myth, and indicate which one. If submitting a fact, please provide a source (website URL, book reference, etc). If submitting a myth, please specify if it was generated with AI.",survey,$0.00 ,Fri Nov 29 10:40:34 PST 2024,100,BatchId:411347;OriginalHitTemplateId:921587278;,3600,259200,Fri Dec 06 10:40:34 PST 2024,,,3AUQQEL7UQRFV6Q61L78K7QRK0IV07,A23KO2TP7I4KK2,Approved,Sat Nov 30 07:16:36 PST 2024,Sat Nov 30 07:18:25 PST 2024,Tue Dec 03 07:18:25 PST 2024,Tue Dec 03 07:18:49 PST 2024,,,109,100% (2/2),100% (2/2),100% (1/1),Ancient Civilizations,FALSE,TRUE,TRUE,FALSE,NA,https://www.magazinemayaluxe.com/articles/maya-myths-and-legends-ancient-magic,The Mayans used magic whistles to build the pyramids.,,
3M93N4X8I4L3I0CU3V7735P0164SJU,3CM00QMEU6K4RDMFXAT0B6G6JT46W5,Fact or Fiction,"Please submit an interesting fact or myth, and indicate which one. If submitting a fact, please provide a source (website URL, book reference, etc). If submitting a myth, please specify if it was generated with AI.",survey,$0.00 ,Fri Nov 29 10:40:34 PST 2024,100,BatchId:411347;OriginalHitTemplateId:921587278;,3600,259200,Fri Dec 06 10:40:34 PST 2024,,,3KV0LJBBHNJK5DGWH6PWH7812Y8MRK,A36FH5FVHU69MT,Approved,Tue Dec 03 12:55:05 PST 2024,Tue Dec 03 12:55:48 PST 2024,Fri Dec 06 12:55:48 PST 2024,Thu Dec 05 10:50:57 PST 2024,,,43,100% (10/10),100% (10/10),100% (10/10),Ancient Civilizations,FALSE,TRUE,TRUE,FALSE,n/a,n/a,The Mayan civilization made contact with Ancient China.,,
3M93N4X8I4L3I0CU3V7735P0164SJU,3CM00QMEU6K4RDMFXAT0B6G6JT46W5,Fact or Fiction,"Please submit an interesting fact or myth, and indicate which one. If submitting a fact, please provide a source (website URL, book reference, etc). If submitting a myth, please specify if it was generated with AI.",survey,$0.00 ,Fri Nov 29 10:40:34 PST 2024,100,BatchId:411347;OriginalHitTemplateId:921587278;,3600,259200,Fri Dec 06 10:40:34 PST 2024,,,3QY7M81QHSKFX6WENGEAXDPXCHJ7K1,A2JIRBAKZ19RKL,Approved,Tue Dec 03 07:09:34 PST 2024,Tue Dec 03 07:11:14 PST 2024,Fri Dec 06 07:11:14 PST 2024,Thu Dec 05 10:50:57 PST 2024,,,100,100% (9/9),100% (9/9),100% (9/9),Ancient Civilizations,TRUE,FALSE,TRUE,FALSE,N/A,Ancient books,The pyramids of Giza stand as symbols to the engineering strength of the ancient Egyptians.,,
3M93N4X8I4L3I0CU3V7735P0164SJU,3CM00QMEU6K4RDMFXAT0B6G6JT46W5,Fact or Fiction,"Please submit an interesting fact or myth, and indicate which one. If submitting a fact, please provide a source (website URL, book reference, etc). If submitting a myth, please specify if it was generated with AI.",survey,$0.00 ,Fri Nov 29 10:40:34 PST 2024,100,BatchId:411347;OriginalHitTemplateId:921587278;,3600,259200,Fri Dec 06 10:40:34 PST 2024,,,3TEM0PF1QQVT1PQKA07EELKKKUGD0U,A1WDIDASJA224N,Approved,Tue Dec 03 12:21:36 PST 2024,Tue Dec 03 12:22:02 PST 2024,Fri Dec 06 12:22:02 PST 2024,Thu Dec 05 10:50:57 PST 2024,,,26,100% (10/10),100% (10/10),100% (10/10),Ancient Civilizations,TRUE,FALSE,TRUE,FALSE,N/A,https://www.britannica.com/topic/list-of-ancient-civilizations-2079395,Mesopotamia is an Ancient Civilizations,,
3M93N4X8I4L3I0CU3V7735P0164SJU,3CM00QMEU6K4RDMFXAT0B6G6JT46W5,Fact or Fiction,"Please submit an interesting fact or myth, and indicate which one. If submitting a fact, please provide a source (website URL, book reference, etc). If submitting a myth, please specify if it was generated with AI.",survey,$0.00 ,Fri Nov 29 10:40:34 PST 2024,100,BatchId:411347;OriginalHitTemplateId:921587278;,3600,259200,Fri Dec 06 10:40:34 PST 2024,,,3W2LOLRXLWDPFPGTWUCG2UGXDTDKRD,A3G8JLLEXGUZYP,Approved,Tue Dec 03 13:15:40 PST 2024,Tue Dec 03 13:16:09 PST 2024,Fri Dec 06 13:16:09 PST 2024,Thu Dec 05 10:50:57 PST 2024,,,29,100% (10/10),100% (10/10),100% (10/10),Ancient Civilizations,FALSE,TRUE,TRUE,FALSE,N/A,N/A,The pyramids could not have been built without the assistance of extraterrestrial life.,,
3M93N4X8I4L3I0CU3V7735P0164SJU,3CM00QMEU6K4RDMFXAT0B6G6JT46W5,Fact or Fiction,"Please submit an interesting fact or myth, and indicate which one. If submitting a fact, please provide a source (website URL, book reference, etc). If submitting a myth, please specify if it was generated with AI.",survey,$0.00 ,Fri Nov 29 10:40:34 PST 2024,100,BatchId:411347;OriginalHitTemplateId:921587278;,3600,259200,Fri Dec 06 10:40:34 PST 2024,,,3WI0P0II6MQH1JAJ4DQTYHL7TJERD3,A2ECQJPKY9LHC3,Approved,Sat Nov 30 14:51:23 PST 2024,Sat Nov 30 14:52:16 PST 2024,Tue Dec 03 14:52:16 PST 2024,Tue Dec 03 14:52:49 PST 2024,,,53,100% (10/10),100% (10/10),100% (10/10),Ancient Civilizations,FALSE,TRUE,FALSE,TRUE,ChatGPT,"https://en.wikipedia.org/wiki/Maya_architecture#:~:text=The%20Maya%20people%20had%20taken,%2C%20facades%2C%20and%20floor%20layers.",Ancient civilizations like the Egyptians and Mayans used advanced digital technology to build their pyramids.,,
3M93N4X8I4L3I0CU3V7735P0164SJU,3CM00QMEU6K4RDMFXAT0B6G6JT46W5,Fact or Fiction,"Please submit an interesting fact or myth, and indicate which one. If submitting a fact, please provide a source (website URL, book reference, etc). If submitting a myth, please specify if it was generated with AI.",survey,$0.00 ,Fri Nov 29 10:40:34 PST 2024,100,BatchId:411347;OriginalHitTemplateId:921587278;,3600,259200,Fri Dec 06 10:40:34 PST 2024,,,3ZY8KE4IS413JZV5IJ1NZDH9X5HQV3,A209JFLE2JEZ0E,Approved,Mon Dec 02 10:52:43 PST 2024,Mon Dec 02 10:53:07 PST 2024,Thu Dec 05 10:53:07 PST 2024,Thu Dec 05 10:50:57 PST 2024,,,24,100% (10/10),100% (10/10),100% (10/10),Ancient Civilizations,FALSE,TRUE,FALSE,TRUE,ChatGPT,N/A,The pyramids of Egypt were built by enslaved workers.,,
3A9LA2FRXCCFNB3395A9Q0QD3T2XH2,3CM00QMEU6K4RDMFXAT0B6G6JT46W5,Fact or Fiction,"Please submit an interesting fact or myth, and indicate which one. If submitting a fact, please provide a source (website URL, book reference, etc). If submitting a myth, please specify if it was generated with AI.",survey,$0.00 ,Fri Nov 29 10:40:34 PST 2024,100,BatchId:411347;OriginalHitTemplateId:921587278;,3600,259200,Fri Dec 06 10:40:34 PST 2024,,,31JLPPHS2FSGMEG6JW3DRDUQRK6O3W,A209JFLE2JEZ0E,Approved,Mon Dec 02 10:48:42 PST 2024,Mon Dec 02 10:49:24 PST 2024,Thu Dec 05 10:49:24 PST 2024,Thu Dec 05 10:49:49 PST 2024,,,42,100% (10/10),100% (10/10),100% (10/10),Quantum Physics,TRUE,FALSE,TRUE,FALSE,N/A,https://www.newscientist.com/subject/quantum-physics/,Quantum physics is the best description we have of the nature of the particles that make up matter and the forces with which they interact.,,
3A9LA2FRXCCFNB3395A9Q0QD3T2XH2,3CM00QMEU6K4RDMFXAT0B6G6JT46W5,Fact or Fiction,"Please submit an interesting fact or myth, and indicate which one. If submitting a fact, please provide a source (website URL, book reference, etc). If submitting a myth, please specify if it was generated with AI.",survey,$0.00 ,Fri Nov 29 10:40:34 PST 2024,100,BatchId:411347;OriginalHitTemplateId:921587278;,3600,259200,Fri Dec 06 10:40:34 PST 2024,,,36W0OB37HHC7FQ1C0Q3WB524UTSHZZ,A3G8JLLEXGUZYP,Approved,Tue Dec 03 13:08:36 PST 2024,Tue Dec 03 13:09:53 PST 2024,Fri Dec 06 13:09:53 PST 2024,Thu Dec 05 10:50:50 PST 2024,,,77,100% (10/10),100% (10/10),100% (10/10),Quantum Physics,FALSE,TRUE,TRUE,FALSE,N/A,N/A,Certain particles cannot have a speed and a location at the same time.,,
3A9LA2FRXCCFNB3395A9Q0QD3T2XH2,3CM00QMEU6K4RDMFXAT0B6G6JT46W5,Fact or Fiction,"Please submit an interesting fact or myth, and indicate which one. If submitting a fact, please provide a source (website URL, book reference, etc). If submitting a myth, please specify if it was generated with AI.",survey,$0.00 ,Fri Nov 29 10:40:34 PST 2024,100,BatchId:411347;OriginalHitTemplateId:921587278;,3600,259200,Fri Dec 06 10:40:34 PST 2024,,,37XITHEISH77WR454HVIEB3P8J2RC3,A2ECQJPKY9LHC3,Approved,Sat Nov 30 14:49:21 PST 2024,Sat Nov 30 14:50:39 PST 2024,Tue Dec 03 14:50:39 PST 2024,Tue Dec 03 14:50:49 PST 2024,,,78,100% (10/10),100% (10/10),100% (10/10),Quantum Physics,FALSE,TRUE,FALSE,TRUE,ChatGPT,https://scienceexchange.caltech.edu/topics/quantum-science-explained/quantum-superposition,Quantum physics proves that objects can only exist in one place at a time.,,
3A9LA2FRXCCFNB3395A9Q0QD3T2XH2,3CM00QMEU6K4RDMFXAT0B6G6JT46W5,Fact or Fiction,"Please submit an interesting fact or myth, and indicate which one. If submitting a fact, please provide a source (website URL, book reference, etc). If submitting a myth, please specify if it was generated with AI.",survey,$0.00 ,Fri Nov 29 10:40:34 PST 2024,100,BatchId:411347;OriginalHitTemplateId:921587278;,3600,259200,Fri Dec 06 10:40:34 PST 2024,,,3AAJC4I4F1Q36WW2OQ6HNIIJ7LWJZ6,A1WDIDASJA224N,Approved,Tue Dec 03 12:19:24 PST 2024,Tue Dec 03 12:20:20 PST 2024,Fri Dec 06 12:20:20 PST 2024,Thu Dec 05 10:50:49 PST 2024,,,56,100% (10/10),100% (10/10),100% (10/10),Quantum Physics,TRUE,FALSE,TRUE,FALSE,na,https://phys.libretexts.org/Bookshelves/Nuclear_and_Particle_Physics/Introduction_to_Applied_Nuclear_Physics_(Cappellaro)/02%3A_Introduction_to_Quantum_Mechanics/2.01%3A_Laws_of_Quantum_Mechanics,there are laws of Quantum Physics,,
3A9LA2FRXCCFNB3395A9Q0QD3T2XH2,3CM00QMEU6K4RDMFXAT0B6G6JT46W5,Fact or Fiction,"Please submit an interesting fact or myth, and indicate which one. If submitting a fact, please provide a source (website URL, book reference, etc). If submitting a myth, please specify if it was generated with AI.",survey,$0.00 ,Fri Nov 29 10:40:34 PST 2024,100,BatchId:411347;OriginalHitTemplateId:921587278;,3600,259200,Fri Dec 06 10:40:34 PST 2024,,,3K9FOBBF22HFKX6JON708AO21VRNLR,A3FLICAK428301,Approved,Sat Nov 30 10:27:46 PST 2024,Sat Nov 30 10:28:23 PST 2024,Tue Dec 03 10:28:23 PST 2024,Tue Dec 03 10:28:49 PST 2024,,,37,100% (3/3),100% (3/3),100% (3/3),Quantum Physics,TRUE,FALSE,FALSE,TRUE,ChatGPT,ChatGPT,"Quantum physics explores the behavior of particles at the atomic and subatomic scales, revealing phenomena like superposition and entanglement.",,
3A9LA2FRXCCFNB3395A9Q0QD3T2XH2,3CM00QMEU6K4RDMFXAT0B6G6JT46W5,Fact or Fiction,"Please submit an interesting fact or myth, and indicate which one. If submitting a fact, please provide a source (website URL, book reference, etc). If submitting a myth, please specify if it was generated with AI.",survey,$0.00 ,Fri Nov 29 10:40:34 PST 2024,100,BatchId:411347;OriginalHitTemplateId:921587278;,3600,259200,Fri Dec 06 10:40:34 PST 2024,,,3OB0CAO742N7A0R7441DXYT2OYMYHL,A38FQN4GN4WYEB,Approved,Sat Nov 30 16:29:49 PST 2024,Sat Nov 30 16:30:33 PST 2024,Tue Dec 03 16:30:33 PST 2024,Tue Dec 03 16:30:49 PST 2024,,,44,100% (11/11),100% (11/11),100% (11/11),Quantum Physics,FALSE,TRUE,FALSE,TRUE,chatpgt,n/a,Particles can think and make decisions in quantum mechanics,,
3A9LA2FRXCCFNB3395A9Q0QD3T2XH2,3CM00QMEU6K4RDMFXAT0B6G6JT46W5,Fact or Fiction,"Please submit an interesting fact or myth, and indicate which one. If submitting a fact, please provide a source (website URL, book reference, etc). If submitting a myth, please specify if it was generated with AI.",survey,$0.00 ,Fri Nov 29 10:40:34 PST 2024,100,BatchId:411347;OriginalHitTemplateId:921587278;,3600,259200,Fri Dec 06 10:40:34 PST 2024,,,3QECW5O0K2ZZDL8ITWD50KYX4OF5TQ,A1R1ORXJ05C7EG,Approved,Mon Dec 02 18:07:14 PST 2024,Mon Dec 02 18:08:42 PST 2024,Thu Dec 05 18:08:42 PST 2024,Thu Dec 05 10:50:52 PST 2024,,,88,100% (10/10),100% (10/10),100% (10/10),Quantum Physics,FALSE,TRUE,FALSE,TRUE,ChatGPT 4o,N/A,Observing a quantum particle with your naked eye would instantly collapse all possibilities into a single reality,,
3A9LA2FRXCCFNB3395A9Q0QD3T2XH2,3CM00QMEU6K4RDMFXAT0B6G6JT46W5,Fact or Fiction,"Please submit an interesting fact or myth, and indicate which one. If submitting a fact, please provide a source (website URL, book reference, etc). If submitting a myth, please specify if it was generated with AI.",survey,$0.00 ,Fri Nov 29 10:40:34 PST 2024,100,BatchId:411347;OriginalHitTemplateId:921587278;,3600,259200,Fri Dec 06 10:40:34 PST 2024,,,3SPJ03342M1316MXS44Y9B9H1RSJYF,A2JIRBAKZ19RKL,Approved,Tue Dec 03 12:14:49 PST 2024,Tue Dec 03 12:17:05 PST 2024,Fri Dec 06 12:17:05 PST 2024,Thu Dec 05 10:50:52 PST 2024,,,136,100% (9/9),100% (9/9),100% (9/9),Quantum Physics,FALSE,TRUE,FALSE,TRUE,Claude,Claude,quantum entanglement allows for instantaneous communication between particles,,
3A9LA2FRXCCFNB3395A9Q0QD3T2XH2,3CM00QMEU6K4RDMFXAT0B6G6JT46W5,Fact or Fiction,"Please submit an interesting fact or myth, and indicate which one. If submitting a fact, please provide a source (website URL, book reference, etc). If submitting a myth, please specify if it was generated with AI.",survey,$0.00 ,Fri Nov 29 10:40:34 PST 2024,100,BatchId:411347;OriginalHitTemplateId:921587278;,3600,259200,Fri Dec 06 10:40:34 PST 2024,,,3T3IWE1XGRLO67RGDO18YVTO0K2QTO,A2R2YYU5VARQEW,Approved,Tue Dec 03 20:49:49 PST 2024,Tue Dec 03 20:53:25 PST 2024,Fri Dec 06 20:53:25 PST 2024,Thu Dec 05 10:50:52 PST 2024,,,216,100% (3/3),100% (3/3),100% (3/3),Quantum Physics,TRUE,FALSE,FALSE,TRUE,ChatGPT,https://scienceandnonduality.com/article/brain-experiment-suggests-that-consciousness-relies-on-quantum-entanglement/,"Quantum entanglement may play a role in neural processes, potentially influencing consciousness",,
3A9LA2FRXCCFNB3395A9Q0QD3T2XH2,3CM00QMEU6K4RDMFXAT0B6G6JT46W5,Fact or Fiction,"Please submit an interesting fact or myth, and indicate which one. If submitting a fact, please provide a source (website URL, book reference, etc). If submitting a myth, please specify if it was generated with AI.",survey,$0.00 ,Fri Nov 29 10:40:34 PST 2024,100,BatchId:411347;OriginalHitTemplateId:921587278;,3600,259200,Fri Dec 06 10:40:34 PST 2024,,,3TESA3PJ3M8T8X34CYTFV8ERWB9MMW,A36FH5FVHU69MT,Approved,Tue Dec 03 12:50:36 PST 2024,Tue Dec 03 12:53:31 PST 2024,Fri Dec 06 12:53:31 PST 2024,Thu Dec 05 10:50:52 PST 2024,,,175,100% (10/10),100% (10/10),100% (10/10),Quantum Physics,TRUE,FALSE,TRUE,FALSE,n/a,https://en.wikipedia.org/wiki/Quantum_mechanics,Quantum physics disagrees with general physics.,,
3A9LA2FRXCCFNB3395A9Q0QD3T2XH2,3CM00QMEU6K4RDMFXAT0B6G6JT46W5,Fact or Fiction,"Please submit an interesting fact or myth, and indicate which one. If submitting a fact, please provide a source (website URL, book reference, etc). If submitting a myth, please specify if it was generated with AI.",survey,$0.00 ,Fri Nov 29 10:40:34 PST 2024,100,BatchId:411347;OriginalHitTemplateId:921587278;,3600,259200,Fri Dec 06 10:40:34 PST 2024,,,3TXMY6UCAZM7KQP5R26I9LTKCY1CQQ,A3GK1FK744XJ8B,Approved,Sun Dec 01 17:08:10 PST 2024,Sun Dec 01 17:09:00 PST 2024,Wed Dec 04 17:09:00 PST 2024,Wed Dec 04 17:09:49 PST 2024,,,50,100% (10/10),100% (10/10),100% (10/10),Quantum Physics,FALSE,TRUE,FALSE,TRUE,ChatGPT,n/a,Observing a quantum particle always changes its behavior because human consciousness influences reality.,,
3VP28W7DV7IKEACCFXAUK0UBVENZF3,3CM00QMEU6K4RDMFXAT0B6G6JT46W5,Fact or Fiction,"Please submit an interesting fact or myth, and indicate which one. If submitting a fact, please provide a source (website URL, book reference, etc). If submitting a myth, please specify if it was generated with AI.",survey,$0.00 ,Fri Nov 29 10:40:34 PST 2024,100,BatchId:411347;OriginalHitTemplateId:921587278;,3600,259200,Fri Dec 06 10:40:34 PST 2024,,,3907X2AHFL39MWWOUW2NX3UOVB22PG,A3GK1FK744XJ8B,Approved,Sun Dec 01 17:11:25 PST 2024,Sun Dec 01 17:12:00 PST 2024,Wed Dec 04 17:12:00 PST 2024,Wed Dec 04 17:12:49 PST 2024,,,35,100% (10/10),100% (10/10),100% (10/10),Renewable Energy,FALSE,TRUE,TRUE,FALSE,n/a,n/a,Wind mills are killing the birds,,
3VP28W7DV7IKEACCFXAUK0UBVENZF3,3CM00QMEU6K4RDMFXAT0B6G6JT46W5,Fact or Fiction,"Please submit an interesting fact or myth, and indicate which one. If submitting a fact, please provide a source (website URL, book reference, etc). If submitting a myth, please specify if it was generated with AI.",survey,$0.00 ,Fri Nov 29 10:40:34 PST 2024,100,BatchId:411347;OriginalHitTemplateId:921587278;,3600,259200,Fri Dec 06 10:40:34 PST 2024,,,3FUI0JHJPIWR0PNK0YJL3AWFWTB33H,A1R1ORXJ05C7EG,Approved,Mon Dec 02 18:11:41 PST 2024,Mon Dec 02 18:12:01 PST 2024,Thu Dec 05 18:12:01 PST 2024,Thu Dec 05 10:51:08 PST 2024,,,20,100% (10/10),100% (10/10),100% (10/10),Renewable Energy,FALSE,TRUE,FALSE,TRUE,ChatGPT,N/A,"Wind turbines whisper ancient secrets to the skies, powering the world with their hidden wisdom.",,
3VP28W7DV7IKEACCFXAUK0UBVENZF3,3CM00QMEU6K4RDMFXAT0B6G6JT46W5,Fact or Fiction,"Please submit an interesting fact or myth, and indicate which one. If submitting a fact, please provide a source (website URL, book reference, etc). If submitting a myth, please specify if it was generated with AI.",survey,$0.00 ,Fri Nov 29 10:40:34 PST 2024,100,BatchId:411347;OriginalHitTemplateId:921587278;,3600,259200,Fri Dec 06 10:40:34 PST 2024,,,3HMIGG0U464EHPQE1077KL03LFWY86,A2ECQJPKY9LHC3,Approved,Sat Nov 30 14:48:44 PST 2024,Sat Nov 30 14:49:18 PST 2024,Tue Dec 03 14:49:18 PST 2024,Tue Dec 03 14:49:49 PST 2024,,,34,100% (10/10),100% (10/10),100% (10/10),Renewable Energy,TRUE,FALSE,TRUE,FALSE,N/A,https://www.energy.gov/eere/wind/wind-energy-basics,Wind is a renewable energy.,,
3VP28W7DV7IKEACCFXAUK0UBVENZF3,3CM00QMEU6K4RDMFXAT0B6G6JT46W5,Fact or Fiction,"Please submit an interesting fact or myth, and indicate which one. If submitting a fact, please provide a source (website URL, book reference, etc). If submitting a myth, please specify if it was generated with AI.",survey,$0.00 ,Fri Nov 29 10:40:34 PST 2024,100,BatchId:411347;OriginalHitTemplateId:921587278;,3600,259200,Fri Dec 06 10:40:34 PST 2024,,,3NC5L260M9KB2QWZ3R4FSMJNUACFOX,A3G8JLLEXGUZYP,Approved,Tue Dec 03 13:05:40 PST 2024,Tue Dec 03 13:06:11 PST 2024,Fri Dec 06 13:06:11 PST 2024,Thu Dec 05 10:51:09 PST 2024,,,31,100% (10/10),100% (10/10),100% (10/10),Renewable Energy,FALSE,TRUE,TRUE,FALSE,N/A,N/A,Nuclear fission is a renewable energy source.,,
3VP28W7DV7IKEACCFXAUK0UBVENZF3,3CM00QMEU6K4RDMFXAT0B6G6JT46W5,Fact or Fiction,"Please submit an interesting fact or myth, and indicate which one. If submitting a fact, please provide a source (website URL, book reference, etc). If submitting a myth, please specify if it was generated with AI.",survey,$0.00 ,Fri Nov 29 10:40:34 PST 2024,100,BatchId:411347;OriginalHitTemplateId:921587278;,3600,259200,Fri Dec 06 10:40:34 PST 2024,,,3RKNTXVS37WC26599R3E0N2RG3ZA45,A2JIRBAKZ19RKL,Approved,Tue Dec 03 07:11:15 PST 2024,Tue Dec 03 07:12:09 PST 2024,Fri Dec 06 07:12:09 PST 2024,Thu Dec 05 10:51:09 PST 2024,,,54,100% (9/9),100% (9/9),100% (9/9),Renewable Energy,FALSE,TRUE,FALSE,TRUE,Claude,Claude,Wind turbines kill so many birds they pose a serious threat to bird populations,,
3VP28W7DV7IKEACCFXAUK0UBVENZF3,3CM00QMEU6K4RDMFXAT0B6G6JT46W5,Fact or Fiction,"Please submit an interesting fact or myth, and indicate which one. If submitting a fact, please provide a source (website URL, book reference, etc). If submitting a myth, please specify if it was generated with AI.",survey,$0.00 ,Fri Nov 29 10:40:34 PST 2024,100,BatchId:411347;OriginalHitTemplateId:921587278;,3600,259200,Fri Dec 06 10:40:34 PST 2024,,,3TVRFO09G5DKWRKNQTU96CF03A2XLO,A209JFLE2JEZ0E,Approved,Mon Dec 02 10:47:47 PST 2024,Mon Dec 02 10:48:42 PST 2024,Thu Dec 05 10:48:42 PST 2024,Thu Dec 05 10:48:49 PST 2024,,,55,100% (10/10),100% (10/10),100% (10/10),Renewable Energy,TRUE,FALSE,TRUE,FALSE,N/A,"https://www.un.org/en/climatechange/what-is-renewable-energy#:~:text=Renewable%20energy%20is%20energy%20derived,plentiful%20and%20all%20around%20us.",Renewable energy is energy derived from natural sources that are replenished at a higher rate than they are consumed.,,
3VP28W7DV7IKEACCFXAUK0UBVENZF3,3CM00QMEU6K4RDMFXAT0B6G6JT46W5,Fact or Fiction,"Please submit an interesting fact or myth, and indicate which one. If submitting a fact, please provide a source (website URL, book reference, etc). If submitting a myth, please specify if it was generated with AI.",survey,$0.00 ,Fri Nov 29 10:40:34 PST 2024,100,BatchId:411347;OriginalHitTemplateId:921587278;,3600,259200,Fri Dec 06 10:40:34 PST 2024,,,3W2LOLRXLWDPFPGTWUCG2UGXDSBRKG,A38FQN4GN4WYEB,Approved,Sat Nov 30 16:28:59 PST 2024,Sat Nov 30 16:29:49 PST 2024,Tue Dec 03 16:29:49 PST 2024,Tue Dec 03 16:30:49 PST 2024,,,50,100% (11/11),100% (11/11),100% (11/11),Renewable Energy,FALSE,TRUE,FALSE,TRUE,chatgpt,n/a,Solar panels do not work in cold or cloudy weather,,
3VP28W7DV7IKEACCFXAUK0UBVENZF3,3CM00QMEU6K4RDMFXAT0B6G6JT46W5,Fact or Fiction,"Please submit an interesting fact or myth, and indicate which one. If submitting a fact, please provide a source (website URL, book reference, etc). If submitting a myth, please specify if it was generated with AI.",survey,$0.00 ,Fri Nov 29 10:40:34 PST 2024,100,BatchId:411347;OriginalHitTemplateId:921587278;,3600,259200,Fri Dec 06 10:40:34 PST 2024,,,3WT783CTPWFKGKNG8K9SEWYLQY1BCE,A36FH5FVHU69MT,Approved,Tue Dec 03 12:57:18 PST 2024,Tue Dec 03 12:57:44 PST 2024,Fri Dec 06 12:57:44 PST 2024,Thu Dec 05 10:51:09 PST 2024,,,26,100% (10/10),100% (10/10),100% (10/10),Renewable Energy,TRUE,FALSE,TRUE,FALSE,n/a,International Energy Agency,China is the largest producer of silicone wafers.,,
3VP28W7DV7IKEACCFXAUK0UBVENZF3,3CM00QMEU6K4RDMFXAT0B6G6JT46W5,Fact or Fiction,"Please submit an interesting fact or myth, and indicate which one. If submitting a fact, please provide a source (website URL, book reference, etc). If submitting a myth, please specify if it was generated with AI.",survey,$0.00 ,Fri Nov 29 10:40:34 PST 2024,100,BatchId:411347;OriginalHitTemplateId:921587278;,3600,259200,Fri Dec 06 10:40:34 PST 2024,,,3ZAZR5XV0MGGYIQWEYPV0E5OH1NCZL,A1WDIDASJA224N,Approved,Tue Dec 03 12:17:24 PST 2024,Tue Dec 03 12:18:04 PST 2024,Fri Dec 06 12:18:04 PST 2024,Thu Dec 05 10:51:09 PST 2024,,,40,100% (10/10),100% (10/10),100% (10/10),Renewable Energy,TRUE,FALSE,TRUE,FALSE,N/A,https://www.energy.gov/eere/renewable-energy,Renewable Energy is real,,
30EMX9PEW4HYTKICLG7J4KPDGV4SKT,3CM00QMEU6K4RDMFXAT0B6G6JT46W5,Fact or Fiction,"Please submit an interesting fact or myth, and indicate which one. If submitting a fact, please provide a source (website URL, book reference, etc). If submitting a myth, please specify if it was generated with AI.",survey,$0.00 ,Fri Nov 29 10:40:34 PST 2024,100,BatchId:411347;OriginalHitTemplateId:921587278;,3600,259200,Fri Dec 06 10:40:34 PST 2024,,,30JNVC0ORUIY1Y0LDUKJKCQ0PP5QHA,AZHD5I1CJ1AAF,Approved,Sat Nov 30 08:10:50 PST 2024,Sat Nov 30 08:14:35 PST 2024,Tue Dec 03 08:14:35 PST 2024,Tue Dec 03 08:14:49 PST 2024,,,225,100% (1/1),100% (1/1),100% (1/1),Wildlife Conservation,TRUE,FALSE,TRUE,FALSE,not AI-generated,https://www.nathab.com/blog/why-national-parks-matter/,"National parks protect nature and wildlife, support local economies with tourism, and offer places for people to learn about conservation and enjoy the outdoors.",,
30EMX9PEW4HYTKICLG7J4KPDGV4SKT,3CM00QMEU6K4RDMFXAT0B6G6JT46W5,Fact or Fiction,"Please submit an interesting fact or myth, and indicate which one. If submitting a fact, please provide a source (website URL, book reference, etc). If submitting a myth, please specify if it was generated with AI.",survey,$0.00 ,Fri Nov 29 10:40:34 PST 2024,100,BatchId:411347;OriginalHitTemplateId:921587278;,3600,259200,Fri Dec 06 10:40:34 PST 2024,,,33NF62TLX408H1XGOP3703U63CJKJL,A36FH5FVHU69MT,Approved,Tue Dec 03 13:00:18 PST 2024,Tue Dec 03 13:01:08 PST 2024,Fri Dec 06 13:01:08 PST 2024,Thu Dec 05 10:50:44 PST 2024,,,50,100% (10/10),100% (10/10),100% (10/10),Wildlife Conservation,TRUE,FALSE,TRUE,FALSE,n/a,https://wwf.panda.org/discover/knowledge_hub/endangered_species/giant_panda/giant_pandas_no_longer_endangered/,Pandas are no longer endangered.,,
30EMX9PEW4HYTKICLG7J4KPDGV4SKT,3CM00QMEU6K4RDMFXAT0B6G6JT46W5,Fact or Fiction,"Please submit an interesting fact or myth, and indicate which one. If submitting a fact, please provide a source (website URL, book reference, etc). If submitting a myth, please specify if it was generated with AI.",survey,$0.00 ,Fri Nov 29 10:40:34 PST 2024,100,BatchId:411347;OriginalHitTemplateId:921587278;,3600,259200,Fri Dec 06 10:40:34 PST 2024,,,33SA9F9TRISR1L55Z2BJRYB9LAUWE4,A38FQN4GN4WYEB,Approved,Sat Nov 30 16:22:32 PST 2024,Sat Nov 30 16:24:41 PST 2024,Tue Dec 03 16:24:41 PST 2024,Tue Dec 03 16:24:49 PST 2024,,,129,100% (11/11),100% (11/11),100% (11/11),Wildlife Conservation,TRUE,FALSE,TRUE,FALSE,n/a,https://www.worldwildlife.org/threats/deforestation-and-forest-degradation,Deforestation is a leading cause of habitat loss for endangered species.,,
30EMX9PEW4HYTKICLG7J4KPDGV4SKT,3CM00QMEU6K4RDMFXAT0B6G6JT46W5,Fact or Fiction,"Please submit an interesting fact or myth, and indicate which one. If submitting a fact, please provide a source (website URL, book reference, etc). If submitting a myth, please specify if it was generated with AI.",survey,$0.00 ,Fri Nov 29 10:40:34 PST 2024,100,BatchId:411347;OriginalHitTemplateId:921587278;,3600,259200,Fri Dec 06 10:40:34 PST 2024,,,38F5OAUN58AOVGV6HVBDKL95K0E7HW,A3GK1FK744XJ8B,Approved,Sun Dec 01 17:07:25 PST 2024,Sun Dec 01 17:08:06 PST 2024,Wed Dec 04 17:08:06 PST 2024,Wed Dec 04 17:08:49 PST 2024,,,41,100% (10/10),100% (10/10),100% (10/10),Wildlife Conservation,FALSE,TRUE,FALSE,TRUE,ChatGPT,n/a,"If a species is listed as endangered, it means conservation efforts are no longer necessary because nature will balance itself out.",,
30EMX9PEW4HYTKICLG7J4KPDGV4SKT,3CM00QMEU6K4RDMFXAT0B6G6JT46W5,Fact or Fiction,"Please submit an interesting fact or myth, and indicate which one. If submitting a fact, please provide a source (website URL, book reference, etc). If submitting a myth, please specify if it was generated with AI.",survey,$0.00 ,Fri Nov 29 10:40:34 PST 2024,100,BatchId:411347;OriginalHitTemplateId:921587278;,3600,259200,Fri Dec 06 10:40:34 PST 2024,,,3G5F9DBFOAVQ66W2ZTETQZP86IMHVZ,A3G8JLLEXGUZYP,Approved,Tue Dec 03 13:04:09 PST 2024,Tue Dec 03 13:05:38 PST 2024,Fri Dec 06 13:05:38 PST 2024,Thu Dec 05 10:50:45 PST 2024,,,89,100% (10/10),100% (10/10),100% (10/10),Wildlife Conservation,FALSE,TRUE,TRUE,FALSE,N/A,N/A,You should interact with friendly wild animals to protect them because this will keep them comfortable around humans.,,
30EMX9PEW4HYTKICLG7J4KPDGV4SKT,3CM00QMEU6K4RDMFXAT0B6G6JT46W5,Fact or Fiction,"Please submit an interesting fact or myth, and indicate which one. If submitting a fact, please provide a source (website URL, book reference, etc). If submitting a myth, please specify if it was generated with AI.",survey,$0.00 ,Fri Nov 29 10:40:34 PST 2024,100,BatchId:411347;OriginalHitTemplateId:921587278;,3600,259200,Fri Dec 06 10:40:34 PST 2024,,,3HMIGG0U464EHPQE1077KL03LGXY89,A1R1ORXJ05C7EG,Approved,Mon Dec 02 18:11:02 PST 2024,Mon Dec 02 18:11:39 PST 2024,Thu Dec 05 18:11:39 PST 2024,Thu Dec 05 10:50:44 PST 2024,,,37,100% (10/10),100% (10/10),100% (10/10),Wildlife Conservation,TRUE,FALSE,TRUE,FALSE,N/A,https://www.google.com/search?q=wildlife+conservation+fact&rlz=1C5CHFA_enUS949US949&oq=wildlife+conservation+fact&gs_lcrp=EgZjaHJvbWUyBggAEEUYOTIHCAEQIRigATIHCAIQIRigATIHCAMQIRigATIHCAQQIRigATIHCAUQIRigATIHCAYQIRifBTIHCAcQIRiPAjIHCAgQIRiPAjIHCAkQIRiPAtIBCDM3MjJqMGo0qAIAsAIA&sourceid=chrome&ie=UTF-8,Approximately 3 species per hour are driven to extinction.,,
30EMX9PEW4HYTKICLG7J4KPDGV4SKT,3CM00QMEU6K4RDMFXAT0B6G6JT46W5,Fact or Fiction,"Please submit an interesting fact or myth, and indicate which one. If submitting a fact, please provide a source (website URL, book reference, etc). If submitting a myth, please specify if it was generated with AI.",survey,$0.00 ,Fri Nov 29 10:40:34 PST 2024,100,BatchId:411347;OriginalHitTemplateId:921587278;,3600,259200,Fri Dec 06 10:40:34 PST 2024,,,3HPZF4IVN7RGTSGRICNCM7WMB7JCYU,A2JIRBAKZ19RKL,Approved,Tue Dec 03 12:17:08 PST 2024,Tue Dec 03 12:17:57 PST 2024,Fri Dec 06 12:17:57 PST 2024,Thu Dec 05 10:50:44 PST 2024,,,49,100% (9/9),100% (9/9),100% (9/9),Wildlife Conservation,TRUE,FALSE,TRUE,FALSE,N/A,Common Sense,Many species are endangered due to human activities spand,,
30EMX9PEW4HYTKICLG7J4KPDGV4SKT,3CM00QMEU6K4RDMFXAT0B6G6JT46W5,Fact or Fiction,"Please submit an interesting fact or myth, and indicate which one. If submitting a fact, please provide a source (website URL, book reference, etc). If submitting a myth, please specify if it was generated with AI.",survey,$0.00 ,Fri Nov 29 10:40:34 PST 2024,100,BatchId:411347;OriginalHitTemplateId:921587278;,3600,259200,Fri Dec 06 10:40:34 PST 2024,,,3I3WADAZ9B2J0T3AXFR66ASA5GXO5M,A209JFLE2JEZ0E,Approved,Mon Dec 02 10:50:12 PST 2024,Mon Dec 02 10:51:37 PST 2024,Thu Dec 05 10:51:37 PST 2024,Thu Dec 05 10:50:45 PST 2024,,,85,100% (10/10),100% (10/10),100% (10/10),Wildlife Conservation,TRUE,FALSE,FALSE,TRUE,ChatGPT,ChatGPT,"Elephants never forget their social bonds, even after decades of separation.",,
30EMX9PEW4HYTKICLG7J4KPDGV4SKT,3CM00QMEU6K4RDMFXAT0B6G6JT46W5,Fact or Fiction,"Please submit an interesting fact or myth, and indicate which one. If submitting a fact, please provide a source (website URL, book reference, etc). If submitting a myth, please specify if it was generated with AI.",survey,$0.00 ,Fri Nov 29 10:40:34 PST 2024,100,BatchId:411347;OriginalHitTemplateId:921587278;,3600,259200,Fri Dec 06 10:40:34 PST 2024,,,3SKRO2GZ7MP1MKHCY0X1W3YK9VJK1H,A1WDIDASJA224N,Approved,Tue Dec 03 12:22:10 PST 2024,Tue Dec 03 12:23:11 PST 2024,Fri Dec 06 12:23:11 PST 2024,Thu Dec 05 10:50:45 PST 2024,,,61,100% (10/10),100% (10/10),100% (10/10),Wildlife Conservation,TRUE,FALSE,TRUE,FALSE,NA,https://www.nytimes.com/2024/07/07/us/politics/spacex-wildlife-texas.html,Elon Musk is disrupting wildlife conservation in Texas,,
30EMX9PEW4HYTKICLG7J4KPDGV4SKT,3CM00QMEU6K4RDMFXAT0B6G6JT46W5,Fact or Fiction,"Please submit an interesting fact or myth, and indicate which one. If submitting a fact, please provide a source (website URL, book reference, etc). If submitting a myth, please specify if it was generated with AI.",survey,$0.00 ,Fri Nov 29 10:40:34 PST 2024,100,BatchId:411347;OriginalHitTemplateId:921587278;,3600,259200,Fri Dec 06 10:40:34 PST 2024,,,3TMFV4NEPTCASKVEMZPJZOFNA7WW85,A2ECQJPKY9LHC3,Approved,Sat Nov 30 14:47:15 PST 2024,Sat Nov 30 14:48:41 PST 2024,Tue Dec 03 14:48:41 PST 2024,Tue Dec 03 14:48:49 PST 2024,,,86,100% (10/10),100% (10/10),100% (10/10),Wildlife Conservation,FALSE,FALSE,TRUE,FALSE,N/A,https://en.wikipedia.org/wiki/Lists_of_extinct_species,DoDo birds are not extinct.,,
3R868ACW5CAQSA87QHGC2LUNWTNZG2,3CM00QMEU6K4RDMFXAT0B6G6JT46W5,Fact or Fiction,"Please submit an interesting fact or myth, and indicate which one. If submitting a fact, please provide a source (website URL, book reference, etc). If submitting a myth, please specify if it was generated with AI.",survey,$0.00 ,Fri Nov 29 10:40:34 PST 2024,100,BatchId:411347;OriginalHitTemplateId:921587278;,3600,259200,Fri Dec 06 10:40:34 PST 2024,,,34MAJL3QPPLCIL6O0CO4DFOLAT7342,A1R1ORXJ05C7EG,Approved,Mon Dec 02 18:12:04 PST 2024,Mon Dec 02 18:12:29 PST 2024,Thu Dec 05 18:12:29 PST 2024,Thu Dec 05 10:51:03 PST 2024,,,25,100% (10/10),100% (10/10),100% (10/10),Medical Innovations,TRUE,FALSE,TRUE,FALSE,N/A,"https://www.genome.gov/genetics-glossary/CRISPR#:~:text=CRISPR%20(short%20for%20%E2%80%9Cclustered%20regularly,editing%20systems%20found%20in%20bacteria.",CRISPR allows scientists to edit DNA of living species.,,
3R868ACW5CAQSA87QHGC2LUNWTNZG2,3CM00QMEU6K4RDMFXAT0B6G6JT46W5,Fact or Fiction,"Please submit an interesting fact or myth, and indicate which one. If submitting a fact, please provide a source (website URL, book reference, etc). If submitting a myth, please specify if it was generated with AI.",survey,$0.00 ,Fri Nov 29 10:40:34 PST 2024,100,BatchId:411347;OriginalHitTemplateId:921587278;,3600,259200,Fri Dec 06 10:40:34 PST 2024,,,3DIP6YHAPXQGBK9N1ZVDDI8N34T8E5,A1WDIDASJA224N,Approved,Tue Dec 03 12:23:52 PST 2024,Tue Dec 03 12:24:16 PST 2024,Fri Dec 06 12:24:16 PST 2024,Thu Dec 05 10:51:03 PST 2024,,,24,100% (10/10),100% (10/10),100% (10/10),Medical Innovations,TRUE,FALSE,TRUE,FALSE,N/A,"https://www.niaid.nih.gov/diseases-conditions/decades-making-mrna-covid-19-vaccines#:~:text=Two%20U.S.%20Food%20and%20Drug,virus%20that%20causes%20COVID%2D19.",mRNA vaccines helped slow down the COVID pandemic,,
3R868ACW5CAQSA87QHGC2LUNWTNZG2,3CM00QMEU6K4RDMFXAT0B6G6JT46W5,Fact or Fiction,"Please submit an interesting fact or myth, and indicate which one. If submitting a fact, please provide a source (website URL, book reference, etc). If submitting a myth, please specify if it was generated with AI.",survey,$0.00 ,Fri Nov 29 10:40:34 PST 2024,100,BatchId:411347;OriginalHitTemplateId:921587278;,3600,259200,Fri Dec 06 10:40:34 PST 2024,,,3FFJ6VRILMMA90662E8P5I0XCZOI01,A3G8JLLEXGUZYP,Approved,Tue Dec 03 13:12:01 PST 2024,Tue Dec 03 13:14:04 PST 2024,Fri Dec 06 13:14:04 PST 2024,Thu Dec 05 10:51:04 PST 2024,,,123,100% (10/10),100% (10/10),100% (10/10),Medical Innovations,TRUE,FALSE,TRUE,FALSE,N/A,it was in my head,The deep state interferes with the development of cures.,,
3R868ACW5CAQSA87QHGC2LUNWTNZG2,3CM00QMEU6K4RDMFXAT0B6G6JT46W5,Fact or Fiction,"Please submit an interesting fact or myth, and indicate which one. If submitting a fact, please provide a source (website URL, book reference, etc). If submitting a myth, please specify if it was generated with AI.",survey,$0.00 ,Fri Nov 29 10:40:34 PST 2024,100,BatchId:411347;OriginalHitTemplateId:921587278;,3600,259200,Fri Dec 06 10:40:34 PST 2024,,,3IX2EGZR7WHU45ABE9C41FGKY3BRJH,A38FQN4GN4WYEB,Approved,Sat Nov 30 16:27:43 PST 2024,Sat Nov 30 16:28:59 PST 2024,Tue Dec 03 16:28:59 PST 2024,Tue Dec 03 16:29:49 PST 2024,,,76,100% (11/11),100% (11/11),100% (11/11),Medical Innovations,FALSE,TRUE,TRUE,FALSE,n/a,n/a,Vaccines cause autism in children.,,
3R868ACW5CAQSA87QHGC2LUNWTNZG2,3CM00QMEU6K4RDMFXAT0B6G6JT46W5,Fact or Fiction,"Please submit an interesting fact or myth, and indicate which one. If submitting a fact, please provide a source (website URL, book reference, etc). If submitting a myth, please specify if it was generated with AI.",survey,$0.00 ,Fri Nov 29 10:40:34 PST 2024,100,BatchId:411347;OriginalHitTemplateId:921587278;,3600,259200,Fri Dec 06 10:40:34 PST 2024,,,3JC6VJ2SAWHUYP99NWMO5F85GZT5A4,A3GK1FK744XJ8B,Approved,Sun Dec 01 17:12:02 PST 2024,Sun Dec 01 17:12:26 PST 2024,Wed Dec 04 17:12:26 PST 2024,Wed Dec 04 17:12:49 PST 2024,,,24,100% (10/10),100% (10/10),100% (10/10),Medical Innovations,FALSE,TRUE,FALSE,TRUE,ChatGPT,n/a,Medical innovations like vaccines are rushed and therefore unsafe,,
3R868ACW5CAQSA87QHGC2LUNWTNZG2,3CM00QMEU6K4RDMFXAT0B6G6JT46W5,Fact or Fiction,"Please submit an interesting fact or myth, and indicate which one. If submitting a fact, please provide a source (website URL, book reference, etc). If submitting a myth, please specify if it was generated with AI.",survey,$0.00 ,Fri Nov 29 10:40:34 PST 2024,100,BatchId:411347;OriginalHitTemplateId:921587278;,3600,259200,Fri Dec 06 10:40:34 PST 2024,,,3LS2AMNW50O8TFM8H7F94LN11BJQOY,A3FLICAK428301,Approved,Sat Nov 30 10:26:47 PST 2024,Sat Nov 30 10:27:39 PST 2024,Tue Dec 03 10:27:39 PST 2024,Tue Dec 03 10:27:49 PST 2024,,,52,100% (3/3),100% (3/3),100% (3/3),Medical Innovations,FALSE,TRUE,TRUE,FALSE,N/A,Me,I am a famous doctor with many accolades and innovations.,,
3R868ACW5CAQSA87QHGC2LUNWTNZG2,3CM00QMEU6K4RDMFXAT0B6G6JT46W5,Fact or Fiction,"Please submit an interesting fact or myth, and indicate which one. If submitting a fact, please provide a source (website URL, book reference, etc). If submitting a myth, please specify if it was generated with AI.",survey,$0.00 ,Fri Nov 29 10:40:34 PST 2024,100,BatchId:411347;OriginalHitTemplateId:921587278;,3600,259200,Fri Dec 06 10:40:34 PST 2024,,,3S3AMIZX3F3DVHL0MG0Y9MMLTJDDCN,A36FH5FVHU69MT,Approved,Tue Dec 03 12:53:38 PST 2024,Tue Dec 03 12:55:05 PST 2024,Fri Dec 06 12:55:05 PST 2024,Thu Dec 05 10:51:03 PST 2024,,,87,100% (10/10),100% (10/10),100% (10/10),Medical Innovations,TRUE,FALSE,TRUE,FALSE,n/a,https://www.natgeokids.com/uk/discover/science/general-science/15-facts-about-the-human-body/,Your brain is sometimes more active when you’re asleep than when you’re awake.,,
3R868ACW5CAQSA87QHGC2LUNWTNZG2,3CM00QMEU6K4RDMFXAT0B6G6JT46W5,Fact or Fiction,"Please submit an interesting fact or myth, and indicate which one. If submitting a fact, please provide a source (website URL, book reference, etc). If submitting a myth, please specify if it was generated with AI.",survey,$0.00 ,Fri Nov 29 10:40:34 PST 2024,100,BatchId:411347;OriginalHitTemplateId:921587278;,3600,259200,Fri Dec 06 10:40:34 PST 2024,,,3TOK3KHVJEGYNXHTL8634U66WMSO71,A209JFLE2JEZ0E,Approved,Mon Dec 02 10:54:13 PST 2024,Mon Dec 02 10:54:42 PST 2024,Thu Dec 05 10:54:42 PST 2024,Thu Dec 05 10:51:03 PST 2024,,,29,100% (10/10),100% (10/10),100% (10/10),Medical Innovations,FALSE,TRUE,FALSE,TRUE,ChatGPT,N/A,Vaccines cause autism in children.,,
3R868ACW5CAQSA87QHGC2LUNWTNZG2,3CM00QMEU6K4RDMFXAT0B6G6JT46W5,Fact or Fiction,"Please submit an interesting fact or myth, and indicate which one. If submitting a fact, please provide a source (website URL, book reference, etc). If submitting a myth, please specify if it was generated with AI.",survey,$0.00 ,Fri Nov 29 10:40:34 PST 2024,100,BatchId:411347;OriginalHitTemplateId:921587278;,3600,259200,Fri Dec 06 10:40:34 PST 2024,,,3VFJCI1K4KXKD3KA63R142O46BURGD,A2ECQJPKY9LHC3,Approved,Sat Nov 30 14:53:54 PST 2024,Sat Nov 30 14:55:09 PST 2024,Tue Dec 03 14:55:09 PST 2024,Tue Dec 03 14:55:49 PST 2024,,,75,100% (10/10),100% (10/10),100% (10/10),Medical Innovations,FALSE,TRUE,FALSE,TRUE,CHATGPT,https://www.acs.org/pressroom/tiny-matters/weve-only-eradicated-one-human-infectious-disease-why.html,Medical innovations like antibiotics have completely eradicated all infectious diseases.,,
35XW21VSW0C9DQ0U6GJKJK2S5V9SLW,3CM00QMEU6K4RDMFXAT0B6G6JT46W5,Fact or Fiction,"Please submit an interesting fact or myth, and indicate which one. If submitting a fact, please provide a source (website URL, book reference, etc). If submitting a myth, please specify if it was generated with AI.",survey,$0.00 ,Fri Nov 29 10:40:34 PST 2024,100,BatchId:411347;OriginalHitTemplateId:921587278;,3600,259200,Fri Dec 06 10:40:34 PST 2024,,,30JNVC0ORUIY1Y0LDUKJKCQ0PQ7HQ5,A36FH5FVHU69MT,Approved,Tue Dec 03 12:57:44 PST 2024,Tue Dec 03 12:59:15 PST 2024,Fri Dec 06 12:59:15 PST 2024,Thu Dec 05 10:50:48 PST 2024,,,91,100% (10/10),100% (10/10),100% (10/10),Cryptocurrency,FALSE,TRUE,TRUE,FALSE,n/a,n/a,Crypto became the most popular form of financial transaction by 2012.,,
35XW21VSW0C9DQ0U6GJKJK2S5V9SLW,3CM00QMEU6K4RDMFXAT0B6G6JT46W5,Fact or Fiction,"Please submit an interesting fact or myth, and indicate which one. If submitting a fact, please provide a source (website URL, book reference, etc). If submitting a myth, please specify if it was generated with AI.",survey,$0.00 ,Fri Nov 29 10:40:34 PST 2024,100,BatchId:411347;OriginalHitTemplateId:921587278;,3600,259200,Fri Dec 06 10:40:34 PST 2024,,,33FBRBDW69X1EMP958PINU8KISG8CC,A1WDIDASJA224N,Approved,Tue Dec 03 12:18:55 PST 2024,Tue Dec 03 12:19:22 PST 2024,Fri Dec 06 12:19:22 PST 2024,Thu Dec 05 10:50:48 PST 2024,,,27,100% (10/10),100% (10/10),100% (10/10),Cryptocurrency,TRUE,FALSE,FALSE,TRUE,na,https://www.investopedia.com/terms/b/bitcoin.asp,Bitcoin is a form of cryptocurrency,,
35XW21VSW0C9DQ0U6GJKJK2S5V9SLW,3CM00QMEU6K4RDMFXAT0B6G6JT46W5,Fact or Fiction,"Please submit an interesting fact or myth, and indicate which one. If submitting a fact, please provide a source (website URL, book reference, etc). If submitting a myth, please specify if it was generated with AI.",survey,$0.00 ,Fri Nov 29 10:40:34 PST 2024,100,BatchId:411347;OriginalHitTemplateId:921587278;,3600,259200,Fri Dec 06 10:40:34 PST 2024,,,36H9ULYP6NSX1F52NECAKQ21VG1FJD,A3GK1FK744XJ8B,Approved,Sun Dec 01 17:10:52 PST 2024,Sun Dec 01 17:11:22 PST 2024,Wed Dec 04 17:11:22 PST 2024,Wed Dec 04 17:11:49 PST 2024,,,30,100% (10/10),100% (10/10),100% (10/10),Cryptocurrency,FALSE,TRUE,FALSE,TRUE,ChatGPT,n/a,Cryptocurrency transactions are completely anonymous and untraceable,,
35XW21VSW0C9DQ0U6GJKJK2S5V9SLW,3CM00QMEU6K4RDMFXAT0B6G6JT46W5,Fact or Fiction,"Please submit an interesting fact or myth, and indicate which one. If submitting a fact, please provide a source (website URL, book reference, etc). If submitting a myth, please specify if it was generated with AI.",survey,$0.00 ,Fri Nov 29 10:40:34 PST 2024,100,BatchId:411347;OriginalHitTemplateId:921587278;,3600,259200,Fri Dec 06 10:40:34 PST 2024,,,3ND9UOO815057RFXGOYN4T1TU7VLWG,A38FQN4GN4WYEB,Approved,Sat Nov 30 16:31:41 PST 2024,Sat Nov 30 16:32:44 PST 2024,Tue Dec 03 16:32:44 PST 2024,Tue Dec 03 16:32:49 PST 2024,,,63,100% (11/11),100% (11/11),100% (11/11),Cryptocurrency,FALSE,TRUE,FALSE,TRUE,chatgpt,n/a,All cryptocurrencies are the same,,
35XW21VSW0C9DQ0U6GJKJK2S5V9SLW,3CM00QMEU6K4RDMFXAT0B6G6JT46W5,Fact or Fiction,"Please submit an interesting fact or myth, and indicate which one. If submitting a fact, please provide a source (website URL, book reference, etc). If submitting a myth, please specify if it was generated with AI.",survey,$0.00 ,Fri Nov 29 10:40:34 PST 2024,100,BatchId:411347;OriginalHitTemplateId:921587278;,3600,259200,Fri Dec 06 10:40:34 PST 2024,,,3OE22WJIG3M36K65DTRI3RFQJY8QUE,A209JFLE2JEZ0E,Approved,Mon Dec 02 10:52:15 PST 2024,Mon Dec 02 10:52:42 PST 2024,Thu Dec 05 10:52:42 PST 2024,Thu Dec 05 10:50:47 PST 2024,,,27,100% (10/10),100% (10/10),100% (10/10),Cryptocurrency,FALSE,TRUE,FALSE,TRUE,ChatGPT,N/A,Cryptocurrency transactions are completely anonymous and untraceable.,,
35XW21VSW0C9DQ0U6GJKJK2S5V9SLW,3CM00QMEU6K4RDMFXAT0B6G6JT46W5,Fact or Fiction,"Please submit an interesting fact or myth, and indicate which one. If submitting a fact, please provide a source (website URL, book reference, etc). If submitting a myth, please specify if it was generated with AI.",survey,$0.00 ,Fri Nov 29 10:40:34 PST 2024,100,BatchId:411347;OriginalHitTemplateId:921587278;,3600,259200,Fri Dec 06 10:40:34 PST 2024,,,3RWE2M8QW282N1HXZULHAQWEYYIN0M,A3G8JLLEXGUZYP,Approved,Tue Dec 03 13:14:06 PST 2024,Tue Dec 03 13:15:36 PST 2024,Fri Dec 06 13:15:36 PST 2024,Thu Dec 05 10:50:48 PST 2024,,,90,100% (10/10),100% (10/10),100% (10/10),Cryptocurrency,FALSE,TRUE,TRUE,FALSE,N/A,N/A,99% of gamblers quit right before they win it big in crypto.,,
35XW21VSW0C9DQ0U6GJKJK2S5V9SLW,3CM00QMEU6K4RDMFXAT0B6G6JT46W5,Fact or Fiction,"Please submit an interesting fact or myth, and indicate which one. If submitting a fact, please provide a source (website URL, book reference, etc). If submitting a myth, please specify if it was generated with AI.",survey,$0.00 ,Fri Nov 29 10:40:34 PST 2024,100,BatchId:411347;OriginalHitTemplateId:921587278;,3600,259200,Fri Dec 06 10:40:34 PST 2024,,,3S0TNUHWKEGBJEVN54KT70Q23SS8DC,A2JIRBAKZ19RKL,Approved,Tue Dec 03 12:20:28 PST 2024,Tue Dec 03 12:21:17 PST 2024,Fri Dec 06 12:21:17 PST 2024,Thu Dec 05 10:50:48 PST 2024,,,49,100% (9/9),100% (9/9),100% (9/9),Cryptocurrency,TRUE,FALSE,TRUE,FALSE,N/A,Personal Knowledge,Bitcoin uses blockchain for verification to ensure integrity,,
35XW21VSW0C9DQ0U6GJKJK2S5V9SLW,3CM00QMEU6K4RDMFXAT0B6G6JT46W5,Fact or Fiction,"Please submit an interesting fact or myth, and indicate which one. If submitting a fact, please provide a source (website URL, book reference, etc). If submitting a myth, please specify if it was generated with AI.",survey,$0.00 ,Fri Nov 29 10:40:34 PST 2024,100,BatchId:411347;OriginalHitTemplateId:921587278;,3600,259200,Fri Dec 06 10:40:34 PST 2024,,,3ZSY5X72NI985G18UM499BX6XYMRO3,A1R1ORXJ05C7EG,Approved,Mon Dec 02 18:09:48 PST 2024,Mon Dec 02 18:10:07 PST 2024,Thu Dec 05 18:10:07 PST 2024,Thu Dec 05 10:50:45 PST 2024,,,19,100% (10/10),100% (10/10),100% (10/10),Cryptocurrency,FALSE,TRUE,FALSE,TRUE,ChatGPT,N/A,"Each Bitcoin is secretly engraved with the name of its first owner, visible only under a quantum microscope.",,
35XW21VSW0C9DQ0U6GJKJK2S5V9SLW,3CM00QMEU6K4RDMFXAT0B6G6JT46W5,Fact or Fiction,"Please submit an interesting fact or myth, and indicate which one. If submitting a fact, please provide a source (website URL, book reference, etc). If submitting a myth, please specify if it was generated with AI.",survey,$0.00 ,Fri Nov 29 10:40:34 PST 2024,100,BatchId:411347;OriginalHitTemplateId:921587278;,3600,259200,Fri Dec 06 10:40:34 PST 2024,,,3ZWFC4W1UF5EZ3OFVJLJMHOS5WURFE,A2ECQJPKY9LHC3,Approved,Sat Nov 30 14:53:17 PST 2024,Sat Nov 30 14:53:51 PST 2024,Tue Dec 03 14:53:51 PST 2024,Tue Dec 03 14:54:49 PST 2024,,,34,100% (10/10),100% (10/10),100% (10/10),Cryptocurrency,TRUE,FALSE,TRUE,FALSE,N/A,https://www.pwc.com/us/en/industries/financial-services/fintech/bitcoin-blockchain-cryptocurrency.html,Cryptocurrency relies on the blockchain.,,